pitcher_id,pitch_type,pitches,start_speed,ivb,hb,spin_rate,launch_angle,whiff rate,proportion
676265,FF,639,91.4,17.2,9.1,2354.0,28.0,0.31384615384615383,0.492
676265,KC,580,83.7,-7.0,-3.2,2369.0,8.0,0.2783882783882784,0.446
676265,SL,78,86.7,5.7,5.3,2249.0,8.0,0.3684210526315789,0.06
676265,,2,,,,,,nan,0.002
690953,FF,1047,94.7,15.6,7.5,2244.0,17.0,0.27615062761506276,0.5
690953,SL,353,84.6,-0.4,-0.9,2250.0,13.0,0.34146341463414637,0.169
690953,CU,350,81.1,-12.0,-8.1,2501.0,-5.0,0.35135135135135137,0.167
690953,SI,204,93.9,11.2,14.9,2130.0,4.0,0.16,0.097
690953,CH,136,87.9,5.2,11.8,1624.0,11.0,0.23076923076923078,0.065
690953,,3,,,,,,nan,0.001
664856,FF,430,92.7,11.7,4.6,2171.0,15.0,0.14678899082568808,0.431
664856,CH,165,87.4,6.2,13.4,1756.0,8.0,0.1917808219178082,0.165
664856,SL,153,84.7,2.2,-7.0,2745.0,15.0,0.30158730158730157,0.153
664856,ST,125,83.1,2.6,-13.0,2809.0,21.0,0.3387096774193548,0.125
664856,SI,115,92.1,9.9,11.7,2115.0,14.0,0.09375,0.115
664856,CU,9,79.4,-7.0,-10.9,2767.0,14.0,0.0,0.009
664856,,1,,,,,,nan,0.001
672851,FF,492,93.7,14.2,8.9,2206.0,19.0,0.20361990950226244,0.381
672851,CU,224,79.9,-7.2,-9.0,2399.0,14.0,0.37962962962962965,0.173
672851,SI,222,93.1,11.1,15.2,2139.0,11.0,0.12903225806451613,0.172
672851,CH,221,86.5,5.6,13.9,1993.0,21.0,0.3508771929824561,0.171
672851,SL,131,86.4,6.1,-3.2,2147.0,14.0,0.234375,0.101
672851,,2,,,,,,nan,0.002
687924,SI,395,94.4,11.6,13.0,2057.0,14.0,0.1619047619047619,0.508
687924,SL,151,79.6,4.7,-9.5,2125.0,27.0,0.30952380952380953,0.194
687924,CH,151,84.3,3.6,13.9,1552.0,8.0,0.2571428571428571,0.194
687924,CU,77,78.9,-6.8,-6.7,2138.0,23.0,0.3076923076923077,0.099
687924,,4,,,,,,nan,0.005
669920,SI,816,89.3,-0.1,16.0,1953.0,-6.0,0.11436950146627566,0.367
669920,CH,650,79.1,-0.1,17.0,1713.0,14.0,0.4,0.293
669920,ST,497,78.3,1.4,-13.7,2399.0,19.0,0.22564102564102564,0.224
669920,FC,166,86.4,7.3,0.8,2144.0,26.0,0.22666666666666666,0.075
669920,FF,79,91.4,11.7,14.0,2217.0,7.0,0.16129032258064516,0.036
669920,SL,8,81.0,7.9,-2.3,2338.0,4.0,0.3333333333333333,0.004
669920,,5,,,,,,0.0,0.002
663465,FF,656,90.2,16.3,-5.9,2020.0,20.0,0.23510971786833856,0.462
663465,CH,290,82.3,8.4,-13.4,1597.0,12.0,0.3246753246753247,0.204
663465,FC,224,83.9,5.1,5.1,2073.0,19.0,0.1919191919191919,0.158
663465,CU,131,72.2,-13.9,7.2,1941.0,14.0,0.30434782608695654,0.092
663465,SI,118,90.6,14.0,-13.1,1959.0,15.0,0.09615384615384616,0.083
663465,,2,,,,,,nan,0.001
663531,FF,498,90.4,14.2,-8.2,1975.0,11.0,0.17452830188679244,0.308
663531,FC,352,86.5,6.9,2.2,2168.0,16.0,0.16847826086956522,0.218
663531,FS,282,79.3,4.0,-8.5,1290.0,7.0,0.3625,0.174
663531,ST,239,80.2,0.8,9.1,2470.0,23.0,0.3381294964028777,0.148
663531,CU,131,77.2,-7.1,6.3,2602.0,27.0,0.29508196721311475,0.081
663531,SI,115,88.6,9.6,-13.0,1879.0,0.0,0.16071428571428573,0.071
663531,,1,,,,,,nan,0.001
671106,FF,336,90.5,15.2,-7.6,2103.0,16.0,0.152317880794702,0.405
671106,ST,213,77.8,0.3,14.3,2241.0,10.0,0.41935483870967744,0.257
671106,CH,178,81.3,3.9,-3.4,926.0,18.0,0.3103448275862069,0.214
671106,FC,103,84.4,5.2,5.6,2143.0,14.0,0.30952380952380953,0.124
656186,FF,319,96.2,13.2,11.2,2269.0,15.0,0.2054794520547945,0.475
656186,SL,309,90.2,4.4,-2.4,2505.0,6.0,0.25949367088607594,0.46
656186,CH,40,91.6,1.8,16.1,1772.0,4.0,0.20833333333333334,0.06
656186,,4,,,,,,nan,0.006
665660,FF,686,98.1,12.9,14.7,2346.0,14.0,0.4043887147335423,0.722
665660,SL,166,86.8,3.0,1.0,2157.0,19.0,0.36486486486486486,0.175
665660,SI,70,95.9,5.0,18.1,2393.0,0.0,0.0967741935483871,0.074
665660,CH,26,87.9,5.7,16.1,1840.0,5.0,0.0,0.027
665660,,1,,,,,,nan,0.001
665660,ST,1,79.2,0.6,5.2,2126.0,,nan,0.001
674841,FF,499,90.7,14.4,-3.3,2183.0,15.0,0.13043478260869565,0.391
674841,FC,298,82.6,-3.4,3.7,2493.0,10.0,0.3582089552238806,0.234
674841,SI,253,90.0,7.7,-12.7,2042.0,-1.0,0.15454545454545454,0.198
674841,SL,145,78.7,-11.7,9.0,2570.0,2.0,0.22448979591836735,0.114
674841,CH,80,84.8,3.7,-10.7,1824.0,-2.0,0.1935483870967742,0.063
674841,,1,,,,,,nan,0.001
689379,SL,423,79.9,3.7,-7.2,2433.0,18.0,0.3910891089108911,0.417
689379,FF,314,90.3,7.1,12.9,2102.0,31.0,0.22727272727272727,0.31
689379,SI,203,89.7,-0.3,15.1,2117.0,8.0,0.10185185185185185,0.2
689379,CH,45,84.8,-5.2,13.5,2107.0,-1.0,0.2777777777777778,0.044
689379,FC,26,83.5,9.2,-0.0,2383.0,39.0,0.25,0.026
689379,,2,,,,,,nan,0.002
689379,CU,1,77.1,4.8,-10.3,2339.0,,nan,0.001
666120,FF,351,92.8,16.5,6.8,2035.0,8.0,0.1724137931034483,0.387
666120,CH,335,87.3,9.3,9.8,1553.0,-1.0,0.33516483516483514,0.369
666120,SL,121,82.7,4.5,-5.0,2018.0,7.0,0.39285714285714285,0.133
666120,CU,98,79.7,-5.9,-4.8,2213.0,23.0,0.2,0.108
666120,,1,,,,,,nan,0.001
666120,FC,1,92.8,15.7,-2.8,1996.0,-25.0,0.0,0.001
641312,SL,333,86.8,3.0,-6.2,2670.0,14.0,0.27906976744186046,0.346
641312,FF,265,91.3,12.9,-0.1,2522.0,20.0,0.29508196721311475,0.275
641312,SI,138,91.9,11.5,11.2,2391.0,9.0,0.23076923076923078,0.143
641312,ST,122,81.5,1.3,-14.2,2803.0,25.0,0.3382352941176471,0.127
641312,CH,102,85.8,6.7,12.6,1526.0,6.0,0.2962962962962963,0.106
641312,,1,,,,,,nan,0.001
641312,FA,1,70.4,4.8,-16.6,2446.0,,nan,0.001
681084,FF,446,94.3,14.6,7.5,2088.0,12.0,0.16113744075829384,0.433
681084,FS,345,85.6,2.5,8.8,1095.0,13.0,0.48520710059171596,0.335
681084,SL,230,84.3,1.3,-1.1,2168.0,12.0,0.5531914893617021,0.223
681084,,8,,,,,,nan,0.008
681084,CH,1,83.6,-0.4,-15.5,1933.0,,nan,0.001
542882,FF,354,90.0,15.6,5.9,2321.0,20.0,0.1712707182320442,0.498
542882,FC,176,85.0,1.3,-0.5,2321.0,14.0,0.32894736842105265,0.248
542882,SI,104,89.1,6.0,14.1,2185.0,3.0,0.1276595744680851,0.146
542882,CU,56,79.3,-12.8,-7.4,2697.0,4.0,0.16666666666666666,0.079
542882,CH,21,85.6,1.6,5.7,2105.0,23.0,0.2727272727272727,0.03
678215,FF,723,94.2,16.2,11.3,2289.0,25.0,0.2808988764044944,0.571
678215,SL,460,82.7,4.8,-3.0,2199.0,22.0,0.2697095435684647,0.363
678215,FS,50,81.9,7.4,8.0,1170.0,25.0,0.2916666666666667,0.039
678215,CH,24,84.8,10.6,11.7,1716.0,27.0,0.2,0.019
678215,,10,,,,,,nan,0.008
683522,SI,530,96.2,8.8,13.3,2244.0,13.0,0.23076923076923078,0.658
683522,CH,135,87.2,2.1,16.3,2134.0,8.0,0.5192307692307693,0.167
683522,ST,130,83.7,5.1,-6.1,2327.0,10.0,0.52,0.161
683522,,10,,,,,,nan,0.012
683522,FF,1,96.7,15.0,7.9,2357.0,,1.0,0.001
701859,FF,1194,92.2,18.3,5.1,2435.0,28.0,0.2912621359223301,0.523
701859,FC,455,84.9,4.8,-4.5,2389.0,21.0,0.25268817204301075,0.199
701859,CU,310,75.6,-8.2,-10.6,2310.0,13.0,0.3418803418803419,0.136
701859,ST,240,78.8,0.9,-14.8,2361.0,24.0,0.2636363636363636,0.105
701859,CH,83,83.7,7.6,5.4,1806.0,15.0,0.3,0.036
701859,,3,,,,,,nan,0.001
676879,SI,665,93.7,7.6,-14.4,2078.0,-6.0,0.13671875,0.402
676879,SL,370,80.8,-5.3,10.4,2554.0,9.0,0.4329268292682927,0.224
676879,CH,254,88.0,5.5,-11.3,1735.0,-4.0,0.2677165354330709,0.154
676879,CU,248,79.7,-15.3,9.5,2585.0,-4.0,0.3424657534246575,0.15
676879,FF,116,94.1,13.0,-7.1,2136.0,15.0,0.1951219512195122,0.07
676879,,1,,,,,,nan,0.001
669199,FF,685,94.8,15.8,8.7,2677.0,23.0,0.21409921671018275,0.537
669199,ST,532,85.4,-4.3,-9.1,2890.0,12.0,0.37185929648241206,0.417
669199,FS,51,83.6,3.4,11.5,1400.0,12.0,0.5,0.04
669199,,7,,,,,,nan,0.005
669199,SI,1,95.3,15.5,16.6,2742.0,,0.0,0.001
666364,FF,245,94.3,18.4,5.6,2101.0,13.0,0.36885245901639346,0.382
666364,SL,166,86.3,4.5,-3.8,2291.0,-0.0,0.3157894736842105,0.259
666364,CH,131,89.0,4.0,11.5,1510.0,-4.0,0.30666666666666664,0.204
666364,CU,99,82.6,-8.7,-3.0,2136.0,11.0,0.2682926829268293,0.154
666364,,1,,,,,,nan,0.002
687607,FF,1201,89.5,15.4,-6.0,2041.0,19.0,0.20141342756183744,0.493
687607,CH,830,80.2,10.2,-13.4,1758.0,12.0,0.33867276887871856,0.341
687607,CU,393,79.2,1.5,2.4,2082.0,15.0,0.3284313725490196,0.161
687607,,6,,,,,,nan,0.002
687607,CS,4,65.9,7.2,-14.8,1502.0,-14.0,0.0,0.002
607457,FF,383,91.8,14.4,5.8,2399.0,21.0,0.31843575418994413,0.373
607457,SL,353,78.3,0.5,-14.6,2434.0,25.0,0.4838709677419355,0.344
607457,SI,175,91.7,9.6,13.7,2206.0,8.0,0.14285714285714285,0.171
607457,FC,87,89.8,9.5,-0.1,2450.0,17.0,0.14893617021276595,0.085
607457,CH,25,86.1,5.3,10.5,1253.0,-13.0,0.07692307692307693,0.024
607457,,3,,,,,,nan,0.003
687856,ST,558,83.2,1.2,-11.7,2638.0,19.0,0.2537313432835821,0.433
687856,FF,277,92.5,14.7,9.2,2176.0,26.0,0.2222222222222222,0.215
687856,SI,234,91.7,8.1,16.2,2204.0,14.0,0.1348314606741573,0.182
687856,CH,217,84.4,1.7,17.4,1853.0,2.0,0.25925925925925924,0.168
687856,,2,,,,,,nan,0.002
669620,FF,541,92.1,14.6,-3.5,2282.0,15.0,0.1993006993006993,0.506
669620,CU,226,76.0,-10.4,1.6,2215.0,19.0,0.47959183673469385,0.211
669620,FC,164,87.9,7.7,2.8,2201.0,4.0,0.3375,0.153
669620,CH,122,85.7,12.7,-11.3,2025.0,7.0,0.2727272727272727,0.114
669620,SI,15,92.4,15.8,-9.1,2300.0,25.0,0.375,0.014
669620,,1,,,,,,nan,0.001
685410,FF,535,90.1,15.8,3.4,2329.0,21.0,0.10820895522388059,0.281
685410,SI,316,89.3,12.3,11.4,2262.0,17.0,0.10191082802547771,0.166
685410,CU,302,79.1,-3.7,-1.4,2432.0,22.0,0.39316239316239315,0.158
685410,SL,251,84.2,5.2,-2.5,2258.0,16.0,0.31756756756756754,0.132
685410,FC,239,87.9,10.1,-1.0,2285.0,12.0,0.18055555555555555,0.125
685410,ST,164,79.6,-3.2,-9.7,2458.0,19.0,0.3220338983050847,0.086
685410,CH,97,84.4,9.2,12.9,2017.0,24.0,0.1875,0.051
685410,,2,,,,,,nan,0.001
669358,FF,380,95.6,15.8,10.2,2373.0,18.0,0.24022346368715083,0.534
669358,SL,226,86.4,1.6,-2.8,2267.0,15.0,0.3063063063063063,0.318
669358,CU,75,82.8,-12.5,-8.6,2717.0,5.0,0.3448275862068966,0.105
669358,CH,22,89.6,7.1,14.1,1796.0,9.0,0.18181818181818182,0.031
669358,,6,,,,,,nan,0.008
669358,SI,2,95.0,17.5,16.6,2392.0,,nan,0.003
678016,FF,325,91.7,15.2,13.6,2286.0,24.0,0.22058823529411764,0.436
678016,SL,183,80.8,1.2,-2.7,1990.0,20.0,0.2619047619047619,0.245
678016,FC,151,87.8,8.3,1.6,2072.0,25.0,0.13432835820895522,0.202
678016,CH,87,83.4,6.8,14.9,1696.0,7.0,0.17073170731707318,0.117
690925,FF,317,92.9,18.2,2.8,2268.0,21.0,0.2971014492753623,0.507
690925,SL,275,82.7,-3.9,-1.1,2721.0,7.0,0.49557522123893805,0.44
690925,CH,32,86.2,9.0,12.6,1689.0,3.0,0.26666666666666666,0.051
690925,,1,,,,,,nan,0.002
571479,FF,391,92.4,15.6,11.4,2395.0,29.0,0.28,0.482
571479,SL,238,84.9,5.1,-2.5,2396.0,21.0,0.2809917355371901,0.293
571479,CH,182,87.7,3.6,17.0,1741.0,6.0,0.2289156626506024,0.224
571479,,1,,,,,,nan,0.001
678368,FF,282,91.1,15.5,5.8,2105.0,18.0,0.20422535211267606,0.435
678368,FC,152,86.1,10.3,-2.1,2466.0,16.0,0.28205128205128205,0.234
678368,CH,133,81.2,5.3,16.6,2017.0,7.0,0.39473684210526316,0.205
678368,ST,52,80.1,5.5,-12.0,2687.0,24.0,0.19047619047619047,0.08
678368,CU,29,76.6,-7.7,-12.2,2745.0,36.0,0.0,0.045
678368,,1,,,,,,nan,0.002
676221,SI,238,93.5,2.3,-15.8,2059.0,-5.0,0.24390243902439024,0.316
676221,CH,231,83.4,4.3,-18.4,1947.0,13.0,0.3235294117647059,0.307
676221,SL,152,80.0,3.8,16.8,2540.0,19.0,0.34615384615384615,0.202
676221,FC,132,89.5,7.8,0.1,2261.0,18.0,0.26,0.175
668711,FC,217,86.6,7.2,-0.8,2245.0,12.0,0.22935779816513763,0.348
668711,SI,183,88.3,6.7,-11.2,2166.0,10.0,0.22388059701492538,0.294
668711,SL,177,78.9,3.7,11.4,2338.0,29.0,0.21739130434782608,0.284
668711,CH,45,82.3,5.6,-13.7,1683.0,16.0,0.55,0.072
668711,,1,,,,,,nan,0.002
666123,FF,295,91.3,17.5,5.9,2131.0,21.0,0.171875,0.433
666123,CH,193,82.8,8.1,14.8,1783.0,16.0,0.3111111111111111,0.283
666123,CU,74,78.8,-8.2,-4.2,1579.0,5.0,0.41379310344827586,0.109
666123,FC,72,88.5,12.3,-1.8,2163.0,-4.0,0.25,0.106
666123,SL,48,84.3,4.5,-5.2,2154.0,1.0,0.2777777777777778,0.07
672860,SL,501,87.9,3.3,-2.5,2432.0,16.0,0.453781512605042,0.565
672860,FF,372,97.0,17.0,6.5,2312.0,14.0,0.23870967741935484,0.42
672860,SI,10,97.0,15.6,11.9,2399.0,10.0,0.0,0.011
672860,,3,,,,,,nan,0.003
641360,FF,682,92.8,15.0,7.7,2206.0,23.0,0.24633431085043989,0.767
641360,SL,185,82.8,5.4,-6.3,2176.0,12.0,0.3516483516483517,0.208
641360,CH,21,85.3,5.9,9.5,1283.0,-2.0,0.125,0.024
641360,,1,,,,,,nan,0.001
674370,FF,219,95.2,14.1,9.5,2370.0,19.0,0.26732673267326734,0.271
674370,SI,206,95.2,10.0,13.8,2276.0,12.0,0.17894736842105263,0.255
674370,FC,138,87.2,5.1,-0.2,2149.0,21.0,0.3291139240506329,0.171
674370,CH,132,88.8,8.4,15.3,2050.0,11.0,0.3220338983050847,0.163
674370,SL,109,86.6,3.5,-4.5,2154.0,21.0,0.25396825396825395,0.135
674370,,4,,,,,,nan,0.005
656232,FF,482,91.5,12.4,3.4,2434.0,17.0,0.16,0.422
656232,ST,190,82.4,-4.9,-8.6,2415.0,10.0,0.24675324675324675,0.167
656232,CH,186,86.7,5.2,13.9,1978.0,6.0,0.17204301075268819,0.163
656232,SI,182,91.3,5.0,11.4,2216.0,4.0,0.1875,0.16
656232,CU,100,80.4,-13.0,-4.1,2465.0,-3.0,0.3684210526315789,0.088
656232,,1,,,,,,nan,0.001
669361,FF,525,95.1,14.2,1.0,2403.0,8.0,0.28205128205128205,0.511
669361,FC,210,88.8,5.0,-4.3,2224.0,18.0,0.36363636363636365,0.204
669361,CU,198,81.7,-5.4,-2.9,2381.0,14.0,0.2840909090909091,0.193
669361,SL,59,84.7,-2.6,-3.2,2340.0,2.0,0.2857142857142857,0.057
669361,CH,29,89.9,6.8,13.6,1831.0,-8.0,0.125,0.028
669361,,6,,,,,,nan,0.006
702352,SI,380,93.9,4.9,15.4,1803.0,-1.0,0.12834224598930483,0.518
702352,ST,192,81.0,2.6,-13.8,2206.0,21.0,0.2692307692307692,0.262
702352,FF,64,94.1,11.6,9.6,1972.0,25.0,0.2413793103448276,0.087
702352,CH,56,88.7,1.3,12.2,1512.0,26.0,0.3181818181818182,0.076
702352,FC,36,88.9,6.1,-2.6,2093.0,8.0,0.2857142857142857,0.049
702352,,5,,,,,,nan,0.007
696131,FF,463,92.2,14.2,12.0,2117.0,31.0,0.33181818181818185,0.315
696131,ST,430,80.9,-1.2,-12.7,2453.0,13.0,0.23671497584541062,0.293
696131,SI,324,92.0,7.6,16.4,2067.0,8.0,0.13333333333333333,0.221
696131,SL,148,85.2,1.9,-1.4,2336.0,14.0,0.22807017543859648,0.101
696131,CH,87,87.4,4.4,14.2,1604.0,6.0,0.024390243902439025,0.059
696131,FC,17,88.5,5.6,2.1,2150.0,16.0,0.25,0.012
656240,SL,433,84.2,1.6,-1.0,2107.0,16.0,0.36929460580912865,0.481
656240,FF,294,93.7,16.0,6.6,2274.0,17.0,0.1590909090909091,0.326
656240,FS,160,85.7,4.3,7.7,1053.0,-2.0,0.358974358974359,0.178
656240,,11,,,,,,nan,0.012
656240,ST,3,82.1,2.2,-17.5,2987.0,,0.0,0.003
814005,FF,242,93.6,18.0,4.1,2423.0,22.0,0.2413793103448276,0.399
814005,SL,149,86.9,5.4,-5.1,2498.0,14.0,0.2153846153846154,0.246
814005,CU,75,79.7,-12.8,-8.3,2644.0,14.0,0.23076923076923078,0.124
814005,ST,49,81.6,3.7,-12.5,2362.0,12.0,0.36363636363636365,0.081
814005,SI,49,92.6,13.7,13.1,2312.0,19.0,0.2777777777777778,0.081
814005,CH,40,87.2,7.4,13.2,1710.0,12.0,0.14285714285714285,0.066
814005,,2,,,,,,nan,0.003
805123,FF,994,92.6,16.4,9.3,2203.0,17.0,0.21338912133891214,0.448
805123,ST,363,80.9,2.1,-11.6,2495.0,16.0,0.31840796019900497,0.164
805123,CH,334,80.4,6.0,14.2,2155.0,13.0,0.3352272727272727,0.151
805123,FC,263,85.1,6.9,-2.1,2047.0,11.0,0.24166666666666667,0.119
805123,CU,233,77.4,-11.5,-7.8,2267.0,-1.0,0.22448979591836735,0.105
805123,SI,25,90.3,10.5,13.2,2027.0,21.0,0.0,0.011
805123,,6,,,,,,nan,0.003
670109,FF,652,95.4,13.5,3.7,2159.0,13.0,0.23202614379084968,0.641
670109,SL,331,86.3,-2.0,-4.6,2275.0,9.0,0.4195804195804196,0.325
670109,ST,34,83.5,2.2,-10.7,2222.0,8.0,0.4,0.033
676961,FF,883,88.6,14.1,1.0,2305.0,23.0,0.17727272727272728,0.397
676961,SI,386,89.8,10.3,14.0,2142.0,10.0,0.10465116279069768,0.173
676961,CH,371,83.6,4.4,13.7,1676.0,8.0,0.26595744680851063,0.167
676961,ST,260,79.8,1.9,-10.7,2385.0,11.0,0.3235294117647059,0.117
676961,CU,248,74.6,-10.3,-7.6,2372.0,17.0,0.24271844660194175,0.111
676961,FC,74,88.1,12.0,-2.1,2317.0,14.0,0.23684210526315788,0.033
676961,,2,,,,,,nan,0.001
676961,SL,1,86.4,6.4,-5.4,2390.0,,nan,0.0
680742,FF,667,94.1,16.2,7.4,2194.0,16.0,0.27323943661971833,0.371
680742,SL,463,86.1,3.4,-1.8,2458.0,16.0,0.35348837209302325,0.257
680742,SI,229,94.8,12.0,13.4,2118.0,8.0,0.1323529411764706,0.127
680742,CH,226,87.4,5.4,12.1,1468.0,10.0,0.23880597014925373,0.126
680742,CU,211,82.0,-7.4,-12.6,2412.0,9.0,0.39285714285714285,0.117
680742,,3,,,,,,nan,0.002
671212,FF,500,99.0,14.2,4.7,2539.0,10.0,0.26066350710900477,0.577
671212,SL,331,88.9,-1.4,-3.6,2609.0,20.0,0.4935064935064935,0.382
671212,ST,31,84.9,-5.2,-14.1,2641.0,12.0,0.5,0.036
671212,CU,3,80.5,-11.8,-7.9,2401.0,,nan,0.003
671212,,1,,,,,,nan,0.001
681815,SI,310,90.0,3.4,14.8,2233.0,-5.0,0.13333333333333333,0.404
681815,CU,185,80.5,-2.2,-9.4,2237.0,14.0,0.14084507042253522,0.241
681815,FC,107,86.8,5.9,0.1,2359.0,14.0,0.17391304347826086,0.139
681815,FF,100,89.6,11.4,8.9,2229.0,26.0,0.19047619047619047,0.13
681815,CH,66,84.6,1.3,9.5,1627.0,14.0,0.13793103448275862,0.086
688953,FF,346,91.4,19.3,3.5,2498.0,27.0,0.2765957446808511,0.552
688953,FC,189,87.4,9.1,-3.8,2513.0,20.0,0.1956521739130435,0.301
688953,SI,57,89.7,9.1,15.9,2125.0,-2.0,0.3684210526315789,0.091
688953,CU,33,79.5,-11.9,-10.1,2643.0,9.0,0.23529411764705882,0.053
688953,SL,2,88.2,0.2,-1.8,2108.0,,nan,0.003
656257,FF,307,94.3,17.2,9.3,2365.0,36.0,0.40397350993377484,0.38
656257,ST,254,81.5,0.2,-14.6,2800.0,17.0,0.2719298245614035,0.314
656257,FC,247,89.3,10.7,-1.3,2553.0,26.0,0.28,0.306
605156,SI,361,91.8,7.6,14.5,1875.0,1.0,0.08717948717948718,0.349
605156,SL,292,85.2,0.1,-2.6,2481.0,10.0,0.4068965517241379,0.282
605156,FF,207,92.0,12.5,10.5,1981.0,15.0,0.12222222222222222,0.2
605156,CH,136,84.2,2.5,12.6,1850.0,6.0,0.25675675675675674,0.131
605156,KC,39,79.7,-3.3,-4.9,2274.0,-6.0,0.25,0.038
677865,FC,242,87.0,8.2,2.3,2335.0,9.0,0.16806722689075632,0.354
677865,SI,237,89.4,4.5,-15.5,2125.0,-7.0,0.15789473684210525,0.346
677865,ST,204,77.9,-3.1,18.3,2551.0,19.0,0.4845360824742268,0.298
677865,,1,,,,,,nan,0.001
571527,FC,623,87.7,5.0,-4.1,2179.0,7.0,0.153125,0.322
571527,SI,496,91.0,9.7,12.7,1982.0,4.0,0.16972477064220184,0.257
571527,CH,421,83.2,10.7,12.5,1761.0,14.0,0.39574468085106385,0.218
571527,CU,235,76.1,-15.9,-5.4,2413.0,5.0,0.11702127659574468,0.122
571527,FF,133,90.5,14.9,3.3,2136.0,11.0,0.11320754716981132,0.069
571527,ST,23,80.4,-1.2,-11.5,2440.0,3.0,0.09090909090909091,0.012
571527,FA,1,70.7,12.1,7.4,1441.0,,nan,0.001
571527,,1,,,,,,nan,0.001
680732,FF,581,94.7,18.2,5.6,2517.0,20.0,0.2793103448275862,0.481
680732,SL,288,85.7,3.5,-4.0,2418.0,13.0,0.34375,0.238
680732,CU,225,78.3,-15.5,-6.7,2498.0,8.0,0.3953488372093023,0.186
680732,CH,113,85.3,11.4,13.8,1895.0,31.0,0.5128205128205128,0.094
680732,,1,,,,,,nan,0.001
669142,FF,707,92.8,19.5,3.8,2256.0,26.0,0.2610294117647059,0.555
669142,SL,385,86.6,6.5,-7.0,2389.0,7.0,0.3277777777777778,0.302
669142,CU,100,78.2,-8.8,-3.5,2218.0,18.0,0.2619047619047619,0.078
669142,CH,78,86.0,10.7,11.4,1785.0,1.0,0.20588235294117646,0.061
669142,SI,3,92.4,17.6,11.3,2422.0,,0.0,0.002
669142,,1,,,,,,nan,0.001
681347,FF,301,94.4,17.0,8.4,2196.0,19.0,0.21764705882352942,0.451
681347,SL,171,88.1,6.7,-2.4,2291.0,6.0,0.3617021276595745,0.256
681347,CH,111,85.6,9.1,13.8,1567.0,-3.0,0.5094339622641509,0.166
681347,CU,85,78.6,-12.7,-5.4,2761.0,5.0,0.4074074074074074,0.127
641427,FC,322,91.4,10.2,0.0,2513.0,18.0,0.1813186813186813,0.317
641427,ST,226,83.3,-1.0,-12.4,2560.0,13.0,0.38317757009345793,0.222
641427,SI,163,93.6,7.6,15.1,2213.0,4.0,0.21794871794871795,0.16
641427,FF,139,94.1,15.2,8.1,2368.0,19.0,0.09090909090909091,0.137
641427,CU,107,82.0,-10.3,-5.8,2652.0,6.0,0.16129032258064516,0.105
641427,CH,55,86.6,3.3,12.4,1605.0,20.0,0.2916666666666667,0.054
641427,SL,3,83.2,0.3,-5.1,2507.0,,0.0,0.003
641427,,2,,,,,,nan,0.002
676130,SI,185,92.7,10.0,14.6,2163.0,2.0,0.125,0.255
676130,ST,165,82.0,-4.5,-13.2,2572.0,20.0,0.4528301886792453,0.227
676130,FF,154,93.9,15.0,6.3,2375.0,27.0,0.18181818181818182,0.212
676130,CH,129,85.9,3.1,8.0,1825.0,14.0,0.4383561643835616,0.178
676130,SL,83,83.9,1.0,-3.6,2597.0,12.0,0.3103448275862069,0.114
676130,CU,7,80.3,-6.9,-17.3,2444.0,4.0,0.0,0.01
676130,,3,,,,,,nan,0.004
547176,FF,200,91.4,12.1,-5.1,1842.0,13.0,0.12037037037037036,0.263
547176,SL,184,83.2,4.8,5.2,1970.0,12.0,0.2413793103448276,0.242
547176,CH,163,81.1,9.3,-9.5,1480.0,15.0,0.325,0.214
547176,SI,110,91.3,11.9,-11.3,1941.0,13.0,0.125,0.145
547176,CU,100,78.0,-0.0,10.1,2109.0,3.0,0.4318181818181818,0.132
547176,,3,,,,,,nan,0.004
702070,FF,262,92.3,16.3,-4.2,2105.0,20.0,0.18181818181818182,0.352
702070,CH,187,79.4,9.5,-10.8,1436.0,13.0,0.4576271186440678,0.251
702070,CU,177,80.4,-7.8,1.1,2080.0,9.0,0.3939393939393939,0.238
702070,FC,113,90.0,8.6,2.8,2303.0,1.0,0.22972972972972974,0.152
702070,SL,6,86.5,3.4,3.8,2310.0,6.0,0.0,0.008
686563,SI,258,92.5,4.0,15.6,2049.0,6.0,0.11764705882352941,0.368
686563,FC,177,89.0,7.6,0.6,2325.0,13.0,0.23157894736842105,0.252
686563,ST,132,81.8,2.5,-12.2,2570.0,15.0,0.36666666666666664,0.188
686563,CH,73,85.1,-0.3,12.5,1597.0,5.0,0.24242424242424243,0.104
686563,FF,60,94.4,13.7,10.9,2188.0,20.0,0.3125,0.085
686563,,2,,,,,,nan,0.003
676282,FF,331,92.4,17.0,-4.1,1881.0,16.0,0.176056338028169,0.454
676282,CH,227,78.4,11.8,-8.6,1463.0,14.0,0.52,0.311
676282,SL,100,83.4,3.8,6.2,2044.0,16.0,0.35714285714285715,0.137
676282,CU,70,76.0,-18.8,7.2,2637.0,-2.0,0.13333333333333333,0.096
676282,,1,,,,,,nan,0.001
571539,FO,240,79.2,-1.9,6.7,753.0,11.0,0.42857142857142855,0.37
571539,SI,237,94.4,8.6,13.6,1991.0,5.0,0.15789473684210525,0.365
571539,FF,84,94.7,13.5,10.0,2164.0,36.0,0.17142857142857143,0.129
571539,FC,83,87.4,5.7,-1.8,2086.0,7.0,0.25,0.128
571539,,5,,,,,,nan,0.008
543001,FF,337,90.8,13.4,-6.6,2231.0,16.0,0.14285714285714285,0.313
543001,CH,267,82.8,5.8,-11.4,1651.0,10.0,0.26282051282051283,0.248
543001,SL,220,79.8,-2.7,12.7,2614.0,15.0,0.2403846153846154,0.204
543001,SI,125,90.1,9.2,-13.5,2206.0,13.0,0.07462686567164178,0.116
543001,CU,124,75.2,-13.3,9.9,2669.0,7.0,0.2708333333333333,0.115
543001,,3,,,,,,nan,0.003
676508,FF,617,95.4,16.5,5.4,2417.0,20.0,0.2080536912751678,0.526
676508,SL,391,84.4,0.4,-12.0,3012.0,23.0,0.34759358288770054,0.333
676508,CU,86,80.5,-12.3,-11.6,2949.0,20.0,0.1891891891891892,0.073
676508,FC,35,90.3,4.7,-5.1,2864.0,-0.0,0.2777777777777778,0.03
676508,CH,29,88.3,7.3,15.3,1953.0,18.0,0.14285714285714285,0.025
676508,SI,15,93.7,11.1,13.7,2245.0,-13.0,0.3,0.013
680604,SI,406,93.0,4.1,15.7,2071.0,-0.0,0.10227272727272728,0.352
680604,ST,379,81.2,3.0,-15.0,2556.0,21.0,0.3958333333333333,0.328
680604,CH,186,87.7,-2.7,13.3,1515.0,-8.0,0.2871287128712871,0.161
680604,FC,164,89.1,7.1,-1.9,2381.0,12.0,0.25,0.142
680604,FF,20,93.4,12.8,10.3,2183.0,1.0,0.2857142857142857,0.017
528748,SI,529,91.4,3.3,13.3,1947.0,9.0,0.1482889733840304,0.324
528748,FC,444,87.4,7.2,0.0,1989.0,30.0,0.20673076923076922,0.272
528748,CU,305,77.8,-5.1,-7.6,2394.0,17.0,0.38571428571428573,0.187
528748,FF,160,90.8,9.7,6.8,2079.0,39.0,0.2537313432835821,0.098
528748,CH,147,84.6,3.7,11.9,1352.0,14.0,0.20833333333333334,0.09
528748,,47,,,,,,0.4090909090909091,0.029
650895,SL,358,86.4,3.9,-2.7,2312.0,7.0,0.3696969696969697,0.517
650895,SI,203,94.9,4.6,16.2,2011.0,-2.0,0.22784810126582278,0.293
650895,FF,97,95.5,9.9,10.4,1975.0,13.0,0.08108108108108109,0.14
650895,CH,25,88.4,6.5,10.9,1590.0,13.0,0.3333333333333333,0.036
650895,,9,,,,,,nan,0.013
666721,FF,272,90.9,14.7,14.3,2130.0,17.0,0.23529411764705882,0.33
666721,CH,210,84.2,4.5,13.8,1555.0,11.0,0.28431372549019607,0.255
666721,SI,209,89.5,13.1,14.2,2064.0,14.0,0.13333333333333333,0.254
666721,SL,131,81.3,4.7,-3.4,2167.0,11.0,0.2653061224489796,0.159
666721,,2,,,,,,nan,0.002
669420,FF,391,92.5,15.3,-3.8,2142.0,18.0,0.16042780748663102,0.397
669420,CU,280,81.6,-9.7,11.4,2463.0,5.0,0.44761904761904764,0.284
669420,SL,280,86.4,2.7,1.7,2341.0,8.0,0.35772357723577236,0.284
669420,,12,,,,,,nan,0.012
669420,SI,12,92.4,15.2,-10.1,2090.0,-22.0,0.0,0.012
669420,CH,11,88.0,7.1,-14.9,1754.0,28.0,0.4,0.011
677944,FF,364,95.0,13.0,13.5,2322.0,9.0,0.24431818181818182,0.516
677944,SL,173,85.5,1.0,-2.0,2390.0,14.0,0.3103448275862069,0.245
677944,CU,109,77.2,-10.4,-8.7,2468.0,3.0,0.40816326530612246,0.155
677944,CH,52,80.6,4.9,12.6,1759.0,19.0,0.2727272727272727,0.074
677944,,7,,,,,,nan,0.01
570666,SL,614,81.3,-4.3,-5.5,2329.0,20.0,0.2518518518518518,0.366
570666,CH,457,85.3,2.8,12.1,1624.0,2.0,0.2422145328719723,0.272
570666,FF,424,91.4,14.0,9.0,2174.0,14.0,0.17766497461928935,0.253
570666,SI,146,91.7,9.9,14.1,2175.0,9.0,0.07352941176470588,0.087
570666,FC,37,87.9,8.8,2.4,2190.0,10.0,0.21428571428571427,0.022
663793,SL,234,87.3,1.0,-1.2,2534.0,1.0,0.48314606741573035,0.384
663793,FF,203,94.5,15.9,3.7,2314.0,14.0,0.18032786885245902,0.333
663793,CU,157,82.7,-13.2,-4.3,2888.0,21.0,0.30612244897959184,0.257
663793,SI,6,95.6,16.2,8.8,2370.0,,0.6666666666666666,0.01
663793,CH,6,87.9,7.3,9.5,1537.0,10.0,0.5,0.01
663793,,4,,,,,,nan,0.007
669441,FF,716,93.5,14.7,5.0,2173.0,16.0,0.13978494623655913,0.413
669441,CU,313,77.2,-15.7,-7.5,2446.0,7.0,0.18691588785046728,0.181
669441,SL,287,86.7,2.9,-4.1,2362.0,10.0,0.19047619047619047,0.166
669441,CH,227,85.3,10.6,12.5,1886.0,16.0,0.2815533980582524,0.131
669441,ST,143,81.5,-0.6,-11.7,2449.0,8.0,0.2465753424657534,0.083
669441,SI,45,92.4,12.7,12.4,2128.0,5.0,0.2608695652173913,0.026
669441,,1,,,,,,nan,0.001
696149,FF,317,96.8,16.7,7.5,2370.0,21.0,0.3051948051948052,0.521
696149,SL,155,86.8,0.2,-3.3,2306.0,5.0,0.323943661971831,0.255
696149,CH,104,88.8,6.1,16.5,1960.0,13.0,0.4117647058823529,0.171
696149,CU,32,81.0,-3.6,-3.1,2276.0,-42.0,0.3333333333333333,0.053
696149,,1,,,,,,nan,0.002
666785,SI,277,94.7,3.6,16.3,2082.0,1.0,0.18421052631578946,0.41
666785,CU,196,81.3,-7.5,-14.4,2571.0,10.0,0.3442622950819672,0.29
666785,FF,162,95.7,12.0,10.8,2150.0,19.0,0.36904761904761907,0.24
666785,CH,36,87.8,1.2,16.8,1621.0,19.0,0.2,0.053
666785,,4,,,,,,nan,0.006
630023,SI,873,92.4,7.6,16.0,2008.0,4.0,0.11435523114355231,0.492
630023,FS,476,85.2,3.4,7.2,1308.0,10.0,0.376984126984127,0.268
630023,SL,344,85.3,4.1,-6.1,2377.0,23.0,0.2518518518518518,0.194
630023,FF,78,92.9,13.6,9.9,2123.0,14.0,0.28125,0.044
630023,,3,,,,,,nan,0.002
630023,FA,2,77.5,2.7,5.6,1339.0,,nan,0.001
683425,FC,357,84.8,6.3,-1.4,2296.0,23.0,0.20588235294117646,0.283
683425,SI,307,89.0,5.8,15.6,2129.0,6.0,0.11612903225806452,0.243
683425,FF,293,90.8,12.6,9.5,2210.0,21.0,0.2695035460992908,0.232
683425,CH,196,82.7,2.4,16.1,1939.0,10.0,0.22093023255813954,0.155
683425,FS,66,78.2,-3.0,-3.9,2195.0,20.0,0.3333333333333333,0.052
683425,CU,37,71.7,-5.6,-11.5,2187.0,10.0,0.4666666666666667,0.029
683425,ST,3,68.5,-9.0,-16.3,2325.0,,1.0,0.002
683425,,2,,,,,,nan,0.002
669247,SI,201,91.3,8.3,14.1,2154.0,3.0,0.0761904761904762,0.25
669247,CU,198,80.5,-7.8,-12.4,2485.0,11.0,0.2891566265060241,0.246
669247,FF,192,91.4,13.7,5.5,2251.0,17.0,0.21875,0.239
669247,SL,100,82.3,-2.0,-14.6,2578.0,18.0,0.23255813953488372,0.124
669247,CH,57,85.2,6.2,14.6,1538.0,13.0,0.17391304347826086,0.071
669247,FC,56,90.5,11.4,1.3,2235.0,2.0,0.0967741935483871,0.07
664199,FF,317,93.6,16.8,7.2,2234.0,19.0,0.20670391061452514,0.271
664199,SL,272,87.6,5.6,-3.7,2216.0,12.0,0.24390243902439024,0.232
664199,SI,208,93.4,11.0,12.9,2210.0,5.0,0.09900990099009901,0.178
664199,ST,205,81.8,-3.9,-12.4,2546.0,8.0,0.3835616438356164,0.175
664199,CH,169,87.5,5.2,12.3,1673.0,-5.0,0.30952380952380953,0.144
669395,FF,362,95.7,13.2,4.6,2409.0,17.0,0.24342105263157895,0.484
669395,FC,248,86.6,1.8,-6.1,2351.0,9.0,0.38,0.332
669395,ST,138,81.2,0.4,-15.6,2440.0,14.0,0.4318181818181818,0.184
664351,FF,371,92.2,17.4,1.8,2537.0,18.0,0.2727272727272727,0.506
664351,ST,132,79.3,-0.0,-14.6,2493.0,24.0,0.38596491228070173,0.18
664351,SL,127,86.4,6.0,-4.4,2363.0,11.0,0.2391304347826087,0.173
664351,CH,91,83.7,7.1,9.3,1554.0,34.0,0.4473684210526316,0.124
664351,SI,9,91.9,11.6,10.3,2406.0,-23.0,0.0,0.012
664351,CU,2,80.4,-4.1,-8.3,2476.0,,0.0,0.003
664351,,1,,,,,,nan,0.001
680735,FF,468,90.5,17.5,-4.1,2047.0,17.0,0.1650485436893204,0.466
680735,FC,214,85.5,5.6,4.6,2246.0,7.0,0.34615384615384615,0.213
680735,CU,196,76.5,-10.9,3.8,2353.0,6.0,0.3787878787878788,0.195
680735,CH,88,82.2,6.6,-6.8,782.0,16.0,0.5227272727272727,0.088
680735,FS,37,80.3,3.8,-4.9,599.0,-8.0,0.42105263157894735,0.037
680735,,2,,,,,,nan,0.002
622503,CH,420,81.3,1.5,9.1,1595.0,11.0,0.38202247191011235,0.314
622503,FF,376,89.8,11.9,8.3,2113.0,13.0,0.14942528735632185,0.281
622503,CU,238,73.8,-11.1,-12.6,2342.0,9.0,0.29069767441860467,0.178
622503,SI,176,90.3,9.5,14.0,2128.0,9.0,0.1232876712328767,0.131
622503,SL,128,83.8,7.3,-1.8,2190.0,15.0,0.16363636363636364,0.096
622503,,1,,,,,,nan,0.001
676105,FF,559,95.0,13.3,9.5,2310.0,19.0,0.20802919708029197,0.504
676105,SL,403,85.8,0.5,-1.5,2387.0,15.0,0.49056603773584906,0.363
676105,CU,71,80.0,-10.3,-6.7,2618.0,21.0,0.3333333333333333,0.064
676105,CH,63,85.5,8.8,14.0,2142.0,15.0,0.45714285714285713,0.057
676105,,7,,,,,,nan,0.006
676105,SI,7,94.4,14.6,14.7,2338.0,,0.0,0.006
678316,FF,369,92.1,16.4,-7.5,2321.0,20.0,0.2552083333333333,0.547
678316,CH,227,81.1,7.4,-9.2,1689.0,8.0,0.4701492537313433,0.336
678316,CU,74,75.2,-15.6,5.2,2643.0,-2.0,0.5,0.11
678316,SL,5,81.5,-0.8,5.4,2429.0,,nan,0.007
674444,FF,458,96.9,13.7,11.0,2144.0,10.0,0.2463768115942029,0.508
674444,SL,266,89.3,4.6,-5.2,2165.0,10.0,0.3722627737226277,0.295
674444,SI,92,96.5,10.9,15.7,2136.0,-6.0,0.17647058823529413,0.102
674444,FC,85,91.7,8.2,-2.8,2110.0,-9.0,0.35135135135135137,0.094
674444,,1,,,,,,nan,0.001
621016,ST,211,81.6,2.4,-9.4,2582.0,5.0,0.4307692307692308,0.339
621016,SI,206,91.6,0.2,16.5,2384.0,4.0,0.14583333333333334,0.331
621016,FF,180,91.0,8.8,11.9,2331.0,28.0,0.3684210526315789,0.289
621016,CH,25,88.0,-0.2,16.5,2087.0,11.0,0.1111111111111111,0.04
456501,SL,310,84.1,7.5,-1.0,2183.0,18.0,0.18248175182481752,0.316
456501,SI,293,90.4,9.1,14.9,2051.0,3.0,0.1360544217687075,0.299
456501,FF,191,90.3,14.9,10.1,2149.0,29.0,0.1875,0.195
456501,CH,171,81.2,4.6,10.8,1304.0,3.0,0.33653846153846156,0.174
456501,CU,10,76.4,2.1,-4.1,2188.0,-6.0,0.16666666666666666,0.01
456501,CS,3,66.0,-1.0,-6.0,1997.0,,1.0,0.003
456501,,2,,,,,,nan,0.002
675540,FF,510,91.0,18.7,4.2,2067.0,23.0,0.20384615384615384,0.5
675540,SL,334,83.2,1.9,-6.2,2385.0,13.0,0.2529411764705882,0.328
675540,CU,111,74.1,-10.8,-10.9,2431.0,25.0,0.2807017543859649,0.109
675540,CH,59,86.3,10.5,11.0,1456.0,10.0,0.16666666666666666,0.058
675540,FS,4,84.4,10.7,4.9,1555.0,,0.0,0.004
675540,,1,,,,,,nan,0.001
595928,FF,462,93.4,15.0,5.5,2317.0,23.0,0.13983050847457626,0.551
595928,SL,302,88.4,5.2,-3.5,2603.0,13.0,0.2468354430379747,0.36
595928,CH,32,87.5,7.3,6.4,1849.0,16.0,0.26666666666666666,0.038
595928,FC,30,90.7,6.6,-1.4,2635.0,20.0,0.125,0.036
595928,,12,,,,,,nan,0.014
689149,FC,309,90.0,7.9,-4.0,2299.0,14.0,0.16352201257861634,0.304
689149,FF,262,92.2,12.2,4.5,2193.0,14.0,0.12612612612612611,0.258
689149,SL,261,81.7,-1.8,-11.9,2497.0,21.0,0.26495726495726496,0.257
689149,CU,98,80.9,-14.6,-9.3,2531.0,0.0,0.3488372093023256,0.096
689149,SI,66,91.5,9.0,13.1,2074.0,16.0,0.1891891891891892,0.065
689149,CH,19,87.6,6.5,11.6,1793.0,4.0,0.125,0.019
689149,,1,,,,,,nan,0.001
669721,FF,1198,91.6,14.4,6.3,2122.0,12.0,0.1449016100178891,0.599
669721,SL,446,82.1,4.4,-11.2,2339.0,25.0,0.3181818181818182,0.223
669721,CU,154,74.2,-12.1,-11.2,2304.0,2.0,0.3508771929824561,0.077
669721,CH,145,84.9,8.0,10.7,1562.0,18.0,0.24324324324324326,0.072
669721,FS,57,85.2,4.5,7.0,983.0,-15.0,0.4411764705882353,0.028
669721,,1,,,,,,nan,0.0
641501,SI,317,88.5,3.1,12.9,1853.0,9.0,0.1,0.425
641501,ST,188,78.7,-1.0,-11.9,2418.0,19.0,0.2631578947368421,0.252
641501,FF,110,89.3,7.7,9.7,1883.0,18.0,0.2857142857142857,0.147
641501,CH,64,81.7,0.6,10.8,1409.0,1.0,0.2,0.086
641501,FS,47,78.1,2.2,6.1,935.0,30.0,0.29411764705882354,0.063
641501,SL,17,85.7,5.8,0.6,2153.0,35.0,0.16666666666666666,0.023
641501,,3,,,,,,nan,0.004
699911,FF,359,93.4,16.6,6.9,2344.0,13.0,0.20224719101123595,0.49
699911,FS,265,84.9,6.1,9.7,1343.0,7.0,0.4423076923076923,0.362
699911,SL,87,82.3,-0.6,-1.3,2214.0,14.0,0.4827586206896552,0.119
699911,,19,,,,,,nan,0.026
699911,SI,3,94.2,15.0,12.7,2402.0,34.0,0.0,0.004
656353,SL,622,85.8,2.7,6.3,2149.0,9.0,0.2736156351791531,0.318
656353,FF,556,90.9,16.9,-1.2,1944.0,14.0,0.148,0.284
656353,SI,239,89.7,13.2,-11.0,1790.0,3.0,0.13333333333333333,0.122
656353,FS,232,81.0,5.3,-7.3,967.0,16.0,0.3565217391304348,0.118
656353,ST,203,80.5,0.0,14.8,2248.0,16.0,0.3137254901960784,0.104
656353,CU,105,76.3,-11.2,8.8,2410.0,6.0,0.2222222222222222,0.054
656353,,2,,,,,,nan,0.001
656354,FC,448,88.8,7.7,2.8,2526.0,23.0,0.31004366812227074,0.522
656354,SI,213,92.2,5.7,-11.3,2224.0,3.0,0.2375,0.248
656354,ST,132,79.7,1.9,15.1,2492.0,16.0,0.2641509433962264,0.154
656354,CH,23,87.2,3.6,-12.3,1896.0,-2.0,0.375,0.027
656354,,20,,,,,,nan,0.023
656354,SL,16,83.6,-2.8,7.0,2649.0,-30.0,0.125,0.019
656354,FF,6,93.4,13.2,4.5,2238.0,,0.0,0.007
656354,CU,1,82.2,-7.9,-0.7,2250.0,,0.0,0.001
663562,SI,555,93.4,8.4,14.3,2212.0,7.0,0.07834101382488479,0.462
663562,ST,360,79.9,-1.0,-12.5,2673.0,11.0,0.42105263157894735,0.3
663562,FC,123,88.4,7.7,-0.2,2238.0,28.0,0.2545454545454545,0.102
663562,SC,49,85.3,2.3,9.7,1216.0,28.0,0.1111111111111111,0.041
663562,CH,37,84.9,0.9,14.6,1653.0,-8.0,0.13333333333333333,0.031
663562,CU,35,78.5,-9.3,-11.4,2751.0,13.0,0.42857142857142855,0.029
663562,FF,27,94.0,11.6,10.5,2324.0,10.0,0.2,0.022
663562,SL,15,83.4,3.7,-3.2,2173.0,,0.3333333333333333,0.012
663562,,1,,,,,,nan,0.001
676969,SI,270,96.5,7.6,15.9,2023.0,0.0,0.09774436090225563,0.417
676969,KC,191,85.2,-10.7,-5.1,2343.0,-2.0,0.22535211267605634,0.295
676969,FC,151,91.1,3.8,-0.2,2172.0,11.0,0.21176470588235294,0.233
676969,FS,35,88.6,0.9,12.0,1362.0,-1.0,0.2727272727272727,0.054
660787,SI,490,95.2,8.0,16.8,2162.0,-1.0,0.1645021645021645,0.49
660787,SL,271,83.9,-0.2,-4.2,2187.0,17.0,0.3383458646616541,0.271
660787,FF,123,95.6,12.6,12.5,2179.0,9.0,0.23809523809523808,0.123
660787,CH,113,89.0,3.7,15.4,1682.0,-4.0,0.49056603773584906,0.113
660787,,2,,,,,,nan,0.002
672282,FF,658,93.5,14.8,-8.2,2092.0,16.0,0.2781065088757396,0.509
672282,SL,355,87.7,1.6,1.3,2161.0,8.0,0.4246575342465753,0.274
672282,CU,185,73.5,-12.1,8.1,2405.0,16.0,0.36507936507936506,0.143
672282,CH,93,84.3,9.9,-8.5,1426.0,13.0,0.1951219512195122,0.072
672282,ST,2,82.4,-5.6,7.6,2476.0,,1.0,0.002
672282,,1,,,,,,nan,0.001
646242,SL,700,78.4,0.2,13.8,2661.0,16.0,0.36615384615384616,0.367
646242,SI,692,88.3,3.8,-14.8,2164.0,-4.0,0.09407665505226481,0.363
646242,CH,202,81.1,2.3,-12.6,1857.0,-3.0,0.29069767441860467,0.106
646242,FF,180,89.6,8.3,-12.3,2157.0,5.0,0.06666666666666667,0.094
646242,CU,130,73.0,-11.6,12.4,2736.0,16.0,0.31666666666666665,0.068
646242,,1,,,,,,nan,0.001
622766,CH,254,88.0,2.2,16.3,1845.0,5.0,0.3114754098360656,0.313
622766,FF,230,93.8,14.6,8.4,2229.0,16.0,0.26495726495726496,0.283
622766,SL,165,84.7,4.1,-5.8,2438.0,32.0,0.296875,0.203
622766,SI,149,93.5,8.3,15.2,2141.0,12.0,0.17567567567567569,0.183
622766,ST,14,83.5,2.8,-14.3,2574.0,32.0,0.25,0.017
700270,FF,423,96.4,13.4,9.6,2252.0,15.0,0.25462962962962965,0.517
700270,SL,297,84.3,-1.9,1.0,2683.0,10.0,0.5373134328358209,0.363
700270,KC,98,79.9,-12.8,-3.9,2368.0,8.0,0.4166666666666667,0.12
702021,FF,1025,89.6,19.6,-4.0,2167.0,21.0,0.23768736616702354,0.495
702021,CH,374,82.0,8.5,-11.7,1494.0,9.0,0.30386740331491713,0.181
702021,CU,358,77.2,-14.1,2.1,2349.0,7.0,0.22962962962962963,0.173
702021,SL,310,84.7,5.0,5.0,2278.0,11.0,0.2714285714285714,0.15
702021,,5,,,,,,nan,0.002
665167,SL,322,81.9,2.7,-16.3,2721.0,19.0,0.27941176470588236,0.48
665167,SI,214,92.2,5.8,16.0,2144.0,10.0,0.12698412698412698,0.319
665167,FC,96,87.5,7.5,-0.3,2323.0,17.0,0.19047619047619047,0.143
665167,CU,22,80.5,-1.1,-17.7,2784.0,9.0,0.0,0.033
665167,CH,14,86.9,3.2,12.3,1835.0,23.0,0.125,0.021
665167,FF,3,90.6,11.0,6.9,2373.0,-9.0,0.0,0.004
677976,SL,928,82.5,-1.9,-5.7,2342.0,7.0,0.3854748603351955,0.401
677976,CH,657,85.3,-6.0,11.7,1442.0,-4.0,0.3465909090909091,0.284
677976,SI,500,91.1,-0.1,13.6,1906.0,-2.0,0.09545454545454546,0.216
677976,FF,228,92.4,8.0,13.9,2075.0,19.0,0.25,0.099
689266,FF,709,92.6,15.2,-10.1,2240.0,16.0,0.22191011235955055,0.394
689266,FC,475,83.8,5.1,0.6,2041.0,13.0,0.28125,0.264
689266,CH,458,82.0,6.1,-10.8,1925.0,11.0,0.3015267175572519,0.254
689266,SL,104,79.3,0.9,9.6,2335.0,19.0,0.3111111111111111,0.058
689266,ST,50,76.8,-5.3,13.7,2461.0,11.0,0.35,0.028
689266,,4,,,,,,nan,0.002
663541,SI,550,94.1,7.4,14.1,2251.0,-8.0,0.2577777777777778,0.487
663541,FC,261,90.7,6.4,-0.9,2367.0,5.0,0.2222222222222222,0.231
663541,ST,191,84.3,-2.3,-11.7,2629.0,7.0,0.2631578947368421,0.169
663541,CU,66,83.2,-15.2,-4.6,2525.0,-14.0,0.2692307692307692,0.058
663541,FF,41,94.6,13.7,5.0,2349.0,37.0,0.14285714285714285,0.036
663541,CH,15,90.3,2.7,11.4,1558.0,,0.0,0.013
663541,,5,,,,,,nan,0.004
694298,FC,141,86.6,8.4,2.6,2211.0,10.0,0.31343283582089554,0.227
694298,SL,132,80.7,3.2,7.0,2219.0,14.0,0.30985915492957744,0.212
694298,SI,131,91.3,15.2,-7.9,2201.0,13.0,0.23529411764705882,0.211
694298,CH,109,83.5,11.4,-11.5,1670.0,9.0,0.15384615384615385,0.175
694298,FF,107,89.9,16.7,-3.4,2127.0,20.0,0.1702127659574468,0.172
694298,,2,,,,,,nan,0.003
667339,FF,607,93.5,16.9,2.7,2118.0,17.0,0.20883534136546184,0.325
667339,SL,603,85.0,4.0,-4.2,2281.0,12.0,0.3365695792880259,0.323
667339,SI,270,93.8,15.6,10.0,2045.0,8.0,0.10294117647058823,0.145
667339,CH,262,85.0,13.1,10.0,1540.0,7.0,0.2647058823529412,0.14
667339,CU,122,78.9,-8.6,0.2,2372.0,11.0,0.4,0.065
667339,,4,,,,,,nan,0.002
669648,SL,210,80.7,-0.9,3.6,2378.0,4.0,0.2736842105263158,0.337
669648,SI,178,88.8,8.3,-16.0,2273.0,7.0,0.2222222222222222,0.286
669648,FF,142,89.6,13.2,-13.7,2337.0,17.0,0.2391304347826087,0.228
669648,CH,89,84.1,2.7,-13.4,1355.0,-3.0,0.15,0.143
669648,,3,,,,,,nan,0.005
669648,FA,1,73.2,-7.9,18.1,2298.0,,nan,0.002
656382,FC,319,88.5,6.6,2.7,2267.0,16.0,0.3235294117647059,0.486
656382,SL,162,86.9,5.1,1.7,2259.0,11.0,0.4939759036144578,0.247
656382,FF,115,93.9,16.2,6.5,2024.0,16.0,0.10204081632653061,0.175
656382,SI,61,94.4,12.5,12.5,1940.0,-0.0,0.24,0.093
676263,FF,423,93.1,18.0,-7.6,2252.0,26.0,0.27125506072874495,0.626
676263,SL,188,86.7,1.4,2.0,2231.0,10.0,0.3235294117647059,0.278
676263,CU,59,79.8,-15.7,5.3,2368.0,12.0,0.23809523809523808,0.087
676263,SI,5,93.7,16.7,-12.7,2253.0,23.0,0.0,0.007
676263,,1,,,,,,nan,0.001
667498,FF,505,91.6,12.5,8.2,2082.0,17.0,0.252212389380531,0.315
667498,SI,362,91.2,9.1,12.7,2037.0,8.0,0.11875,0.226
667498,CU,280,75.1,-8.0,-5.9,2290.0,7.0,0.4,0.175
667498,CH,230,82.9,1.8,11.4,1459.0,7.0,0.36538461538461536,0.143
667498,SL,224,81.6,-0.5,-3.3,2210.0,11.0,0.39603960396039606,0.14
667498,,3,,,,,,nan,0.002
670161,SL,410,84.6,1.7,-7.0,2410.0,13.0,0.2956989247311828,0.499
670161,SI,353,93.4,15.7,9.6,2131.0,19.0,0.24025974025974026,0.429
670161,CU,59,76.9,-12.8,-10.6,2800.0,25.0,0.1111111111111111,0.072
641541,FF,445,94.4,16.4,9.3,2284.0,19.0,0.32972972972972975,0.479
641541,FC,180,89.3,9.3,-3.0,2379.0,9.0,0.25806451612903225,0.194
641541,SL,122,85.1,1.1,-7.0,2527.0,15.0,0.3673469387755102,0.131
641541,KC,82,80.7,-10.4,-7.1,2695.0,18.0,0.48484848484848486,0.088
641541,CH,66,86.8,6.3,14.5,1770.0,14.0,0.2857142857142857,0.071
641541,ST,33,80.7,1.0,-17.9,2661.0,17.0,0.25,0.036
641541,,1,,,,,,nan,0.001
671109,FF,331,93.3,14.6,-8.8,2070.0,9.0,0.21794871794871795,0.487
671109,SL,138,87.2,5.4,0.1,2123.0,14.0,0.3283582089552239,0.203
671109,CH,111,83.5,5.3,-14.5,1640.0,14.0,0.3877551020408163,0.163
671109,CU,98,78.2,-11.8,14.6,2693.0,-17.0,0.5714285714285714,0.144
671109,,1,,,,,,nan,0.001
605218,FF,619,92.0,12.5,-3.0,2487.0,12.0,0.22789115646258504,0.545
605218,CU,301,78.7,-9.8,-5.5,2167.0,18.0,0.3629032258064516,0.265
605218,CH,210,88.2,8.0,11.3,1714.0,8.0,0.22826086956521738,0.185
605218,SI,5,93.5,17.0,3.4,2482.0,-3.0,0.5,0.004
685126,FF,444,90.2,15.9,-7.9,1995.0,12.0,0.235,0.476
685126,SL,308,83.2,3.3,4.3,2128.0,4.0,0.3563218390804598,0.33
685126,CH,181,84.2,3.7,-11.6,1288.0,5.0,0.3181818181818182,0.194
693821,SL,558,82.7,-0.0,-1.1,2384.0,6.0,0.38870431893687707,0.353
693821,SI,499,90.0,10.2,13.1,1998.0,6.0,0.14903846153846154,0.316
693821,FF,293,91.2,15.3,4.2,2152.0,8.0,0.19424460431654678,0.185
693821,CH,230,84.4,6.2,11.8,2141.0,3.0,0.25833333333333336,0.145
693821,,1,,,,,,nan,0.001
686642,FF,400,94.2,14.5,-12.0,2522.0,16.0,0.3575418994413408,0.552
686642,SL,204,85.0,-2.9,4.3,2460.0,-6.0,0.41836734693877553,0.281
686642,FC,119,90.2,6.6,-1.1,2317.0,20.0,0.17857142857142858,0.164
686642,,1,,,,,,nan,0.001
686642,SI,1,91.1,2.0,13.6,1717.0,,nan,0.001
595939,FF,600,92.3,13.9,9.5,2272.0,19.0,0.1593625498007968,0.498
595939,CU,280,81.1,-4.6,-2.1,2302.0,12.0,0.26666666666666666,0.232
595939,SL,247,85.2,-0.2,-2.4,2258.0,4.0,0.1721311475409836,0.205
595939,CH,76,86.2,5.8,13.2,1712.0,12.0,0.21212121212121213,0.063
595939,,3,,,,,,nan,0.002
592288,SI,414,88.5,3.2,-15.2,2040.0,1.0,0.125,0.518
592288,CH,222,80.7,3.6,-14.2,1679.0,7.0,0.2916666666666667,0.278
592288,ST,154,75.3,0.6,13.8,2369.0,9.0,0.3333333333333333,0.193
592288,SL,9,79.7,1.5,2.1,2268.0,10.0,0.0,0.011
669438,CH,219,86.2,-0.8,14.4,2033.0,1.0,0.4878048780487805,0.328
669438,FF,205,92.8,15.8,10.2,2162.0,24.0,0.3247863247863248,0.307
669438,SL,126,86.3,5.0,-1.0,2199.0,8.0,0.39705882352941174,0.189
669438,CU,73,81.5,-5.7,-3.2,2491.0,21.0,0.32,0.109
669438,SI,36,91.6,6.7,16.2,2108.0,7.0,0.1111111111111111,0.054
669438,FC,7,86.6,4.6,-2.1,2171.0,1.0,0.5,0.01
669438,,1,,,,,,nan,0.001
546276,FF,519,92.5,11.1,-15.7,2234.0,12.0,0.16517857142857142,0.582
546276,CU,282,82.5,2.0,1.3,2201.0,23.0,0.3826086956521739,0.316
546276,CH,69,85.3,9.3,-11.5,1546.0,34.0,0.30434782608695654,0.077
546276,FT,17,91.7,5.0,-18.9,2165.0,34.0,0.0,0.019
546276,,4,,,,,,nan,0.004
502179,FF,564,87.3,18.2,3.4,2187.0,20.0,0.10266159695817491,0.416
502179,CU,358,70.1,-16.2,-15.1,2941.0,8.0,0.33962264150943394,0.264
502179,ST,221,75.5,0.6,-18.3,2690.0,29.0,0.205607476635514,0.163
502179,CH,181,83.0,3.9,13.7,1417.0,5.0,0.11904761904761904,0.133
502179,SL,31,82.5,5.0,-6.9,2353.0,18.0,0.047619047619047616,0.023
502179,,1,,,,,,nan,0.001
621399,FF,498,93.3,17.2,-7.2,2179.0,10.0,0.2231404958677686,0.535
621399,CU,306,79.0,-10.6,8.2,2502.0,15.0,0.2518518518518518,0.329
621399,CH,117,87.9,12.1,-11.4,1833.0,11.0,0.23809523809523808,0.126
621399,,10,,,,,,nan,0.011
701581,SL,395,86.8,0.6,-3.0,2552.0,-0.0,0.43646408839779005,0.375
701581,FF,350,95.2,19.2,3.5,2363.0,18.0,0.25477707006369427,0.333
701581,CH,284,87.9,10.3,13.9,1831.0,6.0,0.4,0.27
701581,CU,22,79.8,-6.7,-3.5,2368.0,25.0,0.1,0.021
701581,,1,,,,,,nan,0.001
670036,ST,266,82.4,1.7,-14.7,2656.0,18.0,0.3,0.41
670036,FF,250,91.3,11.5,2.0,2388.0,7.0,0.33070866141732286,0.385
670036,FC,129,89.0,6.6,-3.4,2401.0,13.0,0.43103448275862066,0.199
670036,SI,3,90.8,1.7,16.0,1886.0,,nan,0.005
670036,,1,,,,,,nan,0.002
656420,FF,363,91.7,17.0,3.0,2314.0,27.0,0.2,0.496
656420,CH,187,87.6,3.2,13.2,1711.0,-0.0,0.25,0.255
656420,SL,162,83.7,-1.6,-4.7,2658.0,8.0,0.2222222222222222,0.221
656420,ST,20,82.2,2.4,-13.7,2615.0,34.0,0.2727272727272727,0.027
690916,FF,805,94.3,16.4,2.7,2327.0,15.0,0.18536585365853658,0.426
690916,SL,445,86.7,2.3,-4.5,2309.0,11.0,0.27074235807860264,0.236
690916,ST,322,83.4,3.7,-10.7,2304.0,21.0,0.3105590062111801,0.17
690916,CH,270,86.2,6.9,8.3,1614.0,8.0,0.32432432432432434,0.143
690916,FS,47,88.1,5.7,9.8,1023.0,1.0,0.4090909090909091,0.025
689254,FC,605,88.2,8.7,4.1,2661.0,16.0,0.2206896551724138,0.534
689254,ST,514,79.6,1.3,16.9,2565.0,18.0,0.3939393939393939,0.454
689254,,6,,,,,,nan,0.005
689254,SL,5,82.2,0.1,-15.5,2878.0,,nan,0.004
689254,FF,3,94.0,14.5,5.3,2131.0,,0.0,0.003
663901,ST,312,83.3,6.4,-14.8,2958.0,25.0,0.3485714285714286,0.424
663901,FC,162,90.2,6.6,-2.8,2602.0,21.0,0.21794871794871795,0.22
663901,SI,142,93.5,3.5,15.2,2170.0,-8.0,0.15384615384615385,0.193
663901,FF,111,93.9,12.3,8.9,2233.0,13.0,0.4146341463414634,0.151
663901,,8,,,,,,nan,0.011
601980,FF,552,93.1,17.6,-4.1,2313.0,25.0,0.2828282828282828,0.5
601980,CH,275,85.5,8.5,-11.7,1255.0,1.0,0.5104895104895105,0.249
601980,SL,194,82.9,3.6,2.8,1922.0,8.0,0.40963855421686746,0.176
601980,SI,77,92.5,14.1,-12.6,2242.0,5.0,0.32558139534883723,0.07
601980,,7,,,,,,nan,0.006
684946,SI,262,91.2,2.8,16.4,1999.0,3.0,0.12389380530973451,0.405
684946,SL,234,80.3,2.3,-12.8,2397.0,21.0,0.3619047619047619,0.362
684946,FF,123,90.4,7.5,6.1,2087.0,18.0,0.13333333333333333,0.19
684946,CH,28,85.3,0.5,18.9,2159.0,22.0,0.2857142857142857,0.043
643316,CH,502,90.1,6.0,-12.0,2093.0,-4.0,0.1336405529953917,0.426
643316,SL,339,82.3,-2.5,8.9,2571.0,-2.0,0.2564102564102564,0.288
643316,FF,331,90.7,12.2,-6.3,2158.0,7.0,0.22448979591836735,0.281
643316,,6,,,,,,nan,0.005
660261,FF,389,97.3,13.1,9.9,2035.0,18.0,0.21518987341772153,0.62
660261,FC,122,85.5,0.9,-1.7,2056.0,33.0,0.4772727272727273,0.195
660261,FS,106,91.7,2.4,10.2,1291.0,-4.0,0.5957446808510638,0.169
660261,ST,8,83.3,2.3,-6.6,2022.0,,nan,0.013
660261,,2,,,,,,nan,0.003
657424,SL,276,86.0,1.6,4.7,2241.0,-1.0,0.34507042253521125,0.381
657424,FF,157,92.9,14.8,0.8,2151.0,17.0,0.273972602739726,0.217
657424,SI,155,93.5,13.8,-11.7,2121.0,-3.0,0.22077922077922077,0.214
657424,ST,136,80.9,-1.4,10.7,2227.0,14.0,0.3770491803278688,0.188
668877,FC,524,89.2,3.9,-4.5,2172.0,8.0,0.24206349206349206,0.481
668877,FF,262,93.9,14.7,3.1,1892.0,16.0,0.24166666666666667,0.241
668877,CU,162,78.4,-13.2,-5.9,2083.0,15.0,0.29508196721311475,0.149
668877,ST,89,82.1,-0.8,-11.4,2359.0,28.0,0.32558139534883723,0.082
668877,SI,45,89.2,6.7,12.8,1757.0,14.0,0.4117647058823529,0.041
668877,,7,,,,,,nan,0.006
687941,FF,739,94.1,16.3,-1.3,2302.0,12.0,0.1737891737891738,0.625
687941,FC,199,88.0,3.9,4.6,2083.0,13.0,0.3148148148148148,0.168
687941,SL,137,85.7,1.0,3.8,2041.0,14.0,0.3,0.116
687941,CH,61,85.0,10.6,-10.4,1699.0,10.0,0.23529411764705882,0.052
687941,CU,28,79.8,-9.5,3.5,1980.0,3.0,0.07692307692307693,0.024
687941,SI,17,93.9,13.2,-10.1,2036.0,17.0,0.0,0.014
687941,,2,,,,,,nan,0.002
669183,ST,382,79.9,1.6,-13.1,2474.0,22.0,0.3473053892215569,0.277
669183,SI,341,91.4,5.3,15.2,2247.0,5.0,0.09433962264150944,0.247
669183,FC,294,86.1,7.0,-1.5,2366.0,18.0,0.23404255319148937,0.213
669183,CH,269,83.5,5.7,17.0,1764.0,10.0,0.36065573770491804,0.195
669183,FF,94,92.2,14.6,10.8,2256.0,17.0,0.16666666666666666,0.068
669183,,1,,,,,,nan,0.001
642520,FF,330,93.9,14.7,5.6,2386.0,21.0,0.20958083832335328,0.363
642520,CU,208,82.4,-3.0,-11.4,2663.0,19.0,0.375,0.229
642520,SI,188,92.7,7.2,13.5,2299.0,-0.0,0.15463917525773196,0.207
642520,SL,106,88.2,3.3,-2.7,2554.0,16.0,0.2413793103448276,0.117
642520,CH,77,86.8,6.8,13.3,1903.0,-1.0,0.3939393939393939,0.085
681603,FF,516,93.0,17.0,5.7,2469.0,25.0,0.23293172690763053,0.459
681603,FC,477,87.6,9.6,-3.8,2413.0,23.0,0.2425531914893617,0.424
681603,SL,131,81.4,-0.7,-6.6,2353.0,9.0,0.2923076923076923,0.116
681603,,1,,,,,,nan,0.001
665620,FF,407,95.2,16.4,9.5,2246.0,19.0,0.3089005235602094,0.438
665620,FC,268,89.1,7.1,-4.8,2385.0,7.0,0.30405405405405406,0.288
665620,CH,145,85.6,9.1,14.4,2023.0,9.0,0.23880597014925373,0.156
665620,CU,66,78.6,-14.2,-3.7,2713.0,10.0,0.3076923076923077,0.071
665620,ST,41,80.9,-3.3,-14.3,2730.0,6.0,0.4782608695652174,0.044
665620,,1,,,,,,nan,0.001
665620,SL,1,80.1,-6.8,-4.0,2634.0,,nan,0.001
670329,FF,649,94.3,19.0,9.7,2411.0,25.0,0.3413173652694611,0.568
670329,CH,217,84.6,14.2,15.4,2188.0,23.0,0.5121951219512195,0.19
670329,CU,137,81.9,-11.0,-3.3,2364.0,4.0,0.34782608695652173,0.12
670329,FC,132,84.7,1.1,-1.0,2215.0,9.0,0.4897959183673469,0.115
670329,,8,,,,,,nan,0.007
674114,FF,224,91.2,16.1,9.7,2235.0,27.0,0.20869565217391303,0.323
674114,FC,220,88.4,9.4,-1.5,2457.0,16.0,0.2127659574468085,0.317
674114,CH,121,82.8,9.6,10.6,1617.0,10.0,0.4090909090909091,0.174
674114,SI,75,91.7,15.0,12.7,2220.0,4.0,0.15384615384615385,0.108
674114,CU,32,77.3,-8.4,-7.9,2720.0,28.0,0.42857142857142855,0.046
674114,SL,22,82.1,2.1,-5.4,2577.0,7.0,0.2,0.032
621057,SI,414,95.5,15.6,7.9,2240.0,22.0,0.30808080808080807,0.454
621057,FC,212,90.1,5.8,-3.0,2317.0,8.0,0.2616822429906542,0.232
621057,CH,115,84.4,4.8,13.7,1574.0,14.0,0.328125,0.126
621057,ST,86,81.3,4.1,-9.9,2277.0,20.0,0.21428571428571427,0.094
621057,SL,56,85.7,-1.3,-4.1,2336.0,4.0,0.17647058823529413,0.061
621057,FF,28,94.4,13.6,2.9,2234.0,16.0,0.21428571428571427,0.031
621057,,1,,,,,,nan,0.001
593334,FF,441,90.4,15.7,9.8,2555.0,30.0,0.21904761904761905,0.367
593334,CU,411,81.9,4.1,-1.2,2680.0,16.0,0.40298507462686567,0.342
593334,CH,254,84.7,9.6,15.7,2371.0,10.0,0.28368794326241137,0.211
593334,SI,93,90.2,8.2,16.0,2434.0,6.0,0.05,0.077
593334,,2,,,,,,nan,0.002
656457,FF,248,91.6,12.5,-11.6,2129.0,8.0,0.3211009174311927,0.286
656457,SI,246,91.7,7.4,-17.2,2092.0,2.0,0.17094017094017094,0.284
656457,FC,187,88.5,10.0,0.3,2228.0,17.0,0.2159090909090909,0.216
656457,KC,103,81.2,-7.9,4.2,2513.0,3.0,0.3111111111111111,0.119
656457,ST,48,83.1,-0.7,8.4,2491.0,6.0,0.19047619047619047,0.055
656457,FS,34,84.1,6.2,-13.2,1400.0,6.0,0.13333333333333333,0.039
656457,,1,,,,,,nan,0.001
571704,SL,406,83.2,-1.8,2.1,2194.0,10.0,0.4876847290640394,0.585
571704,FF,288,93.8,13.5,12.3,2159.0,10.0,0.24812030075187969,0.415
670810,FF,350,94.4,15.5,6.8,2214.0,14.0,0.18716577540106952,0.477
670810,ST,137,83.3,-1.7,-11.1,2397.0,18.0,0.328125,0.187
670810,CH,136,86.9,4.4,12.6,1511.0,11.0,0.3466666666666667,0.185
670810,FC,56,92.1,8.3,0.6,2314.0,12.0,0.27586206896551724,0.076
670810,CU,54,82.2,-7.3,-2.9,2263.0,17.0,0.2,0.074
670810,,1,,,,,,nan,0.001
687362,FF,896,91.6,17.7,7.3,2266.0,28.0,0.25476190476190474,0.476
687362,SL,399,82.0,2.5,-10.3,2440.0,20.0,0.3069306930693069,0.212
687362,FC,295,87.6,8.3,-1.8,2449.0,17.0,0.2987012987012987,0.157
687362,CH,244,86.9,5.5,16.2,1885.0,0.0,0.3211009174311927,0.13
687362,CU,47,78.2,-8.6,-11.5,2242.0,14.0,0.6666666666666666,0.025
687362,,3,,,,,,nan,0.002
669372,SI,597,92.9,5.2,12.8,2022.0,3.0,0.1474820143884892,0.482
669372,SL,395,84.7,1.1,-3.2,2137.0,17.0,0.3915343915343915,0.319
669372,FF,123,92.3,10.1,5.2,1950.0,10.0,0.16,0.099
669372,CH,122,86.8,3.6,11.4,1602.0,4.0,0.3269230769230769,0.098
669372,,2,,,,,,nan,0.002
676546,FC,315,85.5,8.4,1.1,2309.0,20.0,0.2608695652173913,0.315
676546,FF,310,91.9,12.9,10.5,2369.0,21.0,0.3558282208588957,0.31
676546,SI,228,92.1,3.6,16.6,2232.0,6.0,0.13414634146341464,0.228
676546,CH,96,84.1,2.7,14.2,1841.0,6.0,0.32142857142857145,0.096
676546,CU,49,79.1,0.2,-12.3,2503.0,11.0,0.19047619047619047,0.049
676546,,1,,,,,,nan,0.001
676546,SL,1,79.5,2.4,-10.9,2492.0,40.0,0.0,0.001
672782,FF,803,92.5,16.0,5.1,2381.0,22.0,0.3324742268041237,0.571
672782,SL,182,84.5,2.5,-5.9,2427.0,8.0,0.20224719101123595,0.129
672782,ST,179,81.8,4.5,-14.2,2535.0,20.0,0.3855421686746988,0.127
672782,CH,137,87.7,5.6,15.9,1829.0,11.0,0.22727272727272727,0.097
672782,CU,99,80.5,-8.7,-10.5,2574.0,18.0,0.18181818181818182,0.07
672782,,7,,,,,,nan,0.005
624427,FF,507,93.6,15.3,-6.5,2485.0,26.0,0.27358490566037735,0.669
624427,SL,185,81.8,-1.9,2.9,2413.0,21.0,0.4117647058823529,0.244
624427,CU,40,74.6,-11.4,8.8,2451.0,21.0,0.5,0.053
624427,FC,23,85.8,4.3,2.4,2395.0,4.0,0.18181818181818182,0.03
624427,,3,,,,,,nan,0.004
593574,FF,516,92.5,18.4,-6.3,2485.0,30.0,0.2952029520295203,0.508
593574,SL,355,83.7,0.9,2.4,2437.0,10.0,0.2857142857142857,0.349
593574,CH,121,84.0,8.1,-12.6,1517.0,-1.0,0.47058823529411764,0.119
593574,ST,16,83.0,-2.8,9.1,2453.0,-6.0,0.5,0.016
593574,SI,7,91.8,17.2,-11.6,2468.0,,0.0,0.007
593574,,1,,,,,,nan,0.001
676467,FF,917,90.6,14.9,-9.1,1978.0,17.0,0.1905829596412556,0.451
676467,SL,414,78.5,5.1,13.7,2492.0,23.0,0.25925925925925924,0.204
676467,CU,269,73.1,-3.7,13.8,2512.0,15.0,0.24369747899159663,0.132
676467,CH,192,83.9,6.9,-11.3,1460.0,7.0,0.24390243902439024,0.094
676467,SI,179,90.7,10.4,-12.2,2015.0,11.0,0.21518987341772153,0.088
676467,FC,55,84.5,8.0,2.1,2261.0,9.0,0.20689655172413793,0.027
676467,,7,,,,,,nan,0.003
685299,FF,382,91.7,14.3,10.8,2188.0,18.0,0.185,0.444
685299,SL,293,85.2,4.1,-2.5,2076.0,9.0,0.25477707006369427,0.34
685299,CH,119,83.8,12.0,12.9,2070.0,21.0,0.2702702702702703,0.138
685299,SI,53,92.3,15.3,13.5,2260.0,10.0,0.2222222222222222,0.062
685299,CU,13,79.8,-2.2,-2.8,2261.0,,0.5,0.015
685299,,1,,,,,,nan,0.001
543238,SL,421,86.6,1.7,3.4,2129.0,9.0,0.5454545454545454,0.507
543238,FF,402,95.7,17.4,-5.8,2246.0,21.0,0.255,0.484
543238,,8,,,,,,nan,0.01
666151,SI,445,94.0,2.1,13.0,2186.0,-8.0,0.24786324786324787,0.521
666151,SL,217,84.8,-3.4,-10.4,2261.0,5.0,0.46153846153846156,0.254
666151,FC,146,90.8,5.8,1.2,2207.0,18.0,0.2638888888888889,0.171
666151,FF,34,94.0,10.3,8.3,2238.0,-2.0,0.14285714285714285,0.04
666151,CH,9,87.9,2.1,13.4,1595.0,-45.0,0.4,0.011
666151,,3,,,,,,nan,0.004
700669,FF,1109,92.5,15.2,7.7,1966.0,12.0,0.1491395793499044,0.503
700669,SL,493,85.4,3.0,-3.4,2232.0,13.0,0.20502092050209206,0.223
700669,CU,407,79.9,-14.9,-5.4,2573.0,6.0,0.26424870466321243,0.184
700669,CH,194,83.7,10.7,15.6,2160.0,32.0,0.27472527472527475,0.088
700669,,3,,,,,,nan,0.001
701552,SL,359,83.0,4.6,-2.5,2408.0,21.0,0.43023255813953487,0.428
701552,FF,354,94.1,16.7,3.2,2243.0,22.0,0.23295454545454544,0.422
701552,CH,120,87.1,7.4,16.3,2060.0,22.0,0.38,0.143
701552,SI,5,89.2,8.5,17.9,2113.0,,1.0,0.006
701552,,1,,,,,,nan,0.001
641632,FF,493,94.4,16.4,10.8,2358.0,19.0,0.1910569105691057,0.468
641632,SL,336,85.9,6.2,-3.7,2278.0,12.0,0.310126582278481,0.319
641632,CH,192,82.3,7.8,13.7,1755.0,11.0,0.52,0.182
641632,CU,23,76.4,-5.0,-4.7,2309.0,21.0,0.2222222222222222,0.022
641632,ST,9,80.4,7.7,-11.6,2285.0,63.0,0.25,0.009
607229,SI,264,91.9,9.1,16.9,2008.0,7.0,0.1968503937007874,0.384
607229,SL,216,87.4,6.3,1.0,2127.0,15.0,0.31092436974789917,0.314
607229,CH,110,84.7,5.1,15.3,1566.0,11.0,0.1320754716981132,0.16
607229,FF,50,91.3,13.9,12.3,2025.0,41.0,0.25,0.073
607229,CU,48,79.7,-10.0,-6.4,2338.0,-0.0,0.4,0.07
674944,SI,278,90.7,7.2,-15.5,2062.0,-7.0,0.19642857142857142,0.327
674944,FS,220,83.1,1.8,-11.6,1152.0,1.0,0.4,0.259
674944,SL,218,80.8,-0.7,11.4,2425.0,14.0,0.23076923076923078,0.256
674944,FF,97,90.9,16.5,-8.3,2099.0,15.0,0.16279069767441862,0.114
674944,CH,37,84.7,7.4,-16.1,1819.0,-1.0,0.4444444444444444,0.044
692285,FF,361,96.7,15.0,10.5,2126.0,12.0,0.3496932515337423,0.367
692285,ST,258,84.2,3.4,-10.4,2450.0,24.0,0.43478260869565216,0.262
692285,SL,143,88.1,4.4,-1.2,2326.0,20.0,0.25396825396825395,0.145
692285,CH,131,87.5,5.7,16.2,1829.0,9.0,0.5072463768115942,0.133
692285,FS,50,84.1,3.2,12.5,918.0,60.0,0.5714285714285714,0.051
692285,SI,38,96.1,10.0,17.6,2059.0,8.0,0.13333333333333333,0.039
692285,,2,,,,,,nan,0.002
687473,FF,971,93.1,16.5,6.6,2277.0,18.0,0.24031007751937986,0.411
687473,ST,371,80.7,1.9,-11.4,2149.0,22.0,0.24731182795698925,0.157
687473,FC,350,88.4,7.1,-2.0,2241.0,14.0,0.1676300578034682,0.148
687473,CH,347,85.1,6.1,14.7,1791.0,9.0,0.30158730158730157,0.147
687473,CU,318,79.4,-11.6,-7.1,2431.0,7.0,0.23255813953488372,0.135
687473,,3,,,,,,nan,0.001
663795,SI,504,91.7,13.7,14.0,2162.0,24.0,0.2608695652173913,0.326
663795,FC,435,85.3,8.2,0.1,2335.0,19.0,0.24890829694323144,0.281
663795,CH,320,85.3,-0.5,16.1,1684.0,3.0,0.2426470588235294,0.207
663795,SL,202,80.8,-0.7,-5.7,2480.0,13.0,0.32673267326732675,0.131
663795,ST,84,80.3,6.2,-9.9,2527.0,21.0,0.19148936170212766,0.054
663795,,1,,,,,,nan,0.001
534910,SI,585,94.4,6.0,16.4,2214.0,-1.0,0.13145539906103287,0.638
534910,CU,200,78.1,-13.6,-14.6,3140.0,12.0,0.2916666666666667,0.218
534910,ST,71,81.5,-3.5,-16.9,3011.0,-2.0,0.3076923076923077,0.077
534910,SL,56,84.8,-3.9,-6.9,2958.0,21.0,0.25,0.061
534910,,4,,,,,,nan,0.004
534910,CH,1,86.9,2.2,13.3,1418.0,,nan,0.001
669084,FF,306,94.4,14.3,-7.5,2166.0,12.0,0.20270270270270271,0.416
669084,CH,156,85.3,9.6,-15.5,2130.0,7.0,0.3283582089552239,0.212
669084,CU,136,80.6,-10.0,8.0,2586.0,9.0,0.23529411764705882,0.185
669084,SL,134,85.5,-0.1,6.5,2428.0,18.0,0.3620689655172414,0.182
669084,,3,,,,,,nan,0.004
687589,FF,1039,92.9,18.0,8.6,2358.0,22.0,0.23031496062992127,0.447
687589,ST,448,79.9,-2.3,-15.0,2619.0,25.0,0.2553191489361702,0.193
687589,FC,284,89.1,11.8,-1.5,2383.0,12.0,0.1271186440677966,0.122
687589,CH,233,84.5,7.5,15.0,1732.0,9.0,0.3684210526315789,0.1
687589,CU,159,74.0,-17.2,-10.7,2653.0,-1.0,0.2,0.068
687589,SL,157,82.1,2.6,-4.3,2632.0,10.0,0.3048780487804878,0.068
687589,,3,,,,,,nan,0.001
676106,SI,576,93.4,8.5,17.5,2346.0,11.0,0.09966777408637874,0.408
676106,CH,345,86.0,2.9,17.1,1866.0,10.0,0.27485380116959063,0.244
676106,SL,293,82.7,1.3,-4.3,2210.0,19.0,0.3524590163934426,0.208
676106,FF,193,93.5,13.5,13.6,2407.0,22.0,0.20588235294117646,0.137
676106,,5,,,,,,nan,0.004
669724,SI,472,94.5,5.5,16.5,2038.0,-2.0,0.1388888888888889,0.578
669724,SL,194,86.6,-0.4,-3.1,2177.0,14.0,0.34782608695652173,0.237
669724,CH,95,89.0,2.6,15.8,1724.0,6.0,0.3076923076923077,0.116
669724,FF,35,95.9,12.5,10.8,2060.0,-2.0,0.375,0.043
669724,FC,19,89.6,7.1,-0.2,2035.0,15.0,0.1,0.023
669724,,2,,,,,,nan,0.002
802419,FF,230,92.3,15.6,10.9,2105.0,25.0,0.2246376811594203,0.355
802419,FS,168,83.4,2.2,8.9,990.0,6.0,0.3333333333333333,0.259
802419,ST,126,81.4,5.7,-12.0,2477.0,23.0,0.15789473684210525,0.194
802419,FC,90,86.8,7.8,-3.0,2231.0,15.0,0.16279069767441862,0.139
802419,CU,34,80.4,-10.3,-7.4,2229.0,-29.0,0.38461538461538464,0.052
663687,FF,676,92.5,15.7,-8.7,2243.0,14.0,0.2523364485981308,0.634
663687,CH,140,81.5,9.8,-16.1,2093.0,20.0,0.21052631578947367,0.131
663687,CU,128,72.4,-15.5,9.0,2606.0,-1.0,0.3695652173913043,0.12
663687,ST,87,78.5,-5.4,9.3,2470.0,11.0,0.22807017543859648,0.082
663687,FC,34,91.2,14.0,-3.6,2208.0,21.0,0.2727272727272727,0.032
663687,,1,,,,,,nan,0.001
665048,FS,405,85.8,0.1,8.7,1409.0,6.0,0.4,0.414
665048,FF,273,95.4,16.6,6.8,2211.0,17.0,0.2,0.279
665048,FC,272,87.8,3.5,-2.6,2332.0,10.0,0.31666666666666665,0.278
665048,CU,28,81.6,-8.9,-3.0,2571.0,17.0,0.4444444444444444,0.029
664129,SL,339,85.2,1.8,-2.6,2493.0,11.0,0.49032258064516127,0.375
664129,SI,273,94.3,5.8,12.9,2266.0,-2.0,0.1357142857142857,0.302
664129,FF,198,96.0,11.6,5.6,2449.0,4.0,0.25,0.219
664129,FC,86,91.4,7.0,-0.2,2600.0,25.0,0.30434782608695654,0.095
664129,CH,4,90.4,1.0,12.2,2061.0,-5.0,0.6666666666666666,0.004
664129,,4,,,,,,nan,0.004
701643,SI,286,94.6,4.6,17.9,2047.0,-2.0,0.16,0.436
701643,ST,252,83.0,1.5,-13.5,2556.0,18.0,0.26804123711340205,0.384
701643,FC,87,93.5,9.1,5.3,2150.0,21.0,0.1388888888888889,0.133
701643,FF,19,95.0,11.0,11.0,2210.0,21.0,0.3076923076923077,0.029
701643,CH,8,86.9,-1.3,16.4,1772.0,18.0,0.5,0.012
701643,,2,,,,,,nan,0.003
701643,FS,1,87.0,1.9,12.4,1402.0,,0.0,0.002
701643,SL,1,88.6,7.0,-3.5,1994.0,,1.0,0.002
663627,FF,559,93.6,13.7,0.5,2478.0,18.0,0.35080645161290325,0.443
663627,SL,391,88.8,3.3,-5.0,2629.0,16.0,0.3248730964467005,0.31
663627,CU,301,81.6,-8.4,-6.9,2311.0,3.0,0.44755244755244755,0.239
663627,,10,,,,,,nan,0.008
668874,ST,368,82.3,-2.6,-15.4,2724.0,15.0,0.35668789808917195,0.31
668874,SI,268,91.2,0.8,12.5,1887.0,1.0,0.15384615384615385,0.226
668874,FF,250,92.2,9.5,7.3,2070.0,9.0,0.18518518518518517,0.211
668874,CU,150,79.7,-8.5,-13.9,2925.0,8.0,0.3333333333333333,0.126
668874,CH,104,84.3,0.9,9.0,1460.0,-1.0,0.29411764705882354,0.088
668874,FC,45,86.3,2.8,0.3,2271.0,22.0,0.375,0.038
668874,,2,,,,,,nan,0.002
678692,SL,346,88.5,6.0,-1.6,2427.0,10.0,0.37640449438202245,0.381
678692,CH,272,90.7,5.1,15.9,1677.0,-9.0,0.28346456692913385,0.299
678692,FF,267,95.7,18.5,6.9,2394.0,21.0,0.2066115702479339,0.294
678692,SI,24,94.0,10.2,16.6,2347.0,-14.0,0.25,0.026
674072,FF,794,89.2,13.3,-6.4,2123.0,17.0,0.2246376811594203,0.436
674072,CU,339,77.3,-9.8,9.6,2231.0,9.0,0.32231404958677684,0.186
674072,SL,306,82.8,3.4,1.5,2137.0,16.0,0.3795180722891566,0.168
674072,CH,245,82.9,4.7,-10.5,1457.0,6.0,0.34579439252336447,0.135
674072,SI,137,89.1,10.2,-12.5,2039.0,13.0,0.10294117647058823,0.075
643361,FF,428,92.6,17.8,8.2,2190.0,13.0,0.2413793103448276,0.568
643361,CH,226,81.7,11.4,16.8,2106.0,20.0,0.4369747899159664,0.3
643361,FC,79,86.7,6.3,-1.8,2192.0,2.0,0.19444444444444445,0.105
643361,SL,16,81.9,-7.5,-0.8,2260.0,35.0,0.2857142857142857,0.021
643361,CU,2,77.8,-12.4,-1.0,2245.0,30.0,0.0,0.003
643361,SI,1,91.7,18.0,13.9,2257.0,,nan,0.001
643361,,1,,,,,,nan,0.001
678226,FF,368,97.3,16.0,9.9,2340.0,12.0,0.3105590062111801,0.495
678226,SL,358,89.2,2.0,-3.8,2707.0,8.0,0.3258426966292135,0.481
678226,CU,8,83.2,-6.0,-7.0,2769.0,,nan,0.011
678226,,6,,,,,,nan,0.008
678226,SI,4,96.4,9.7,17.7,2280.0,,1.0,0.005
669796,FF,332,93.4,16.2,-6.7,2088.0,19.0,0.12582781456953643,0.536
669796,SL,240,81.6,-1.0,1.1,2102.0,16.0,0.5045871559633027,0.388
669796,CH,41,85.5,11.9,-8.4,1321.0,-7.0,0.23529411764705882,0.066
669796,,6,,,,,,nan,0.01
663321,SL,586,82.7,2.8,-4.7,2588.0,23.0,0.4381625441696113,0.65
663321,FF,284,91.4,17.7,3.5,2529.0,25.0,0.2945205479452055,0.315
663321,CH,28,81.7,7.9,13.4,1773.0,-12.0,0.0,0.031
663321,FS,2,83.6,7.0,8.1,1302.0,-4.0,0.0,0.002
663321,CU,1,74.1,-2.2,-10.4,2363.0,,nan,0.001
663321,,1,,,,,,nan,0.001
687792,FF,448,91.5,16.9,-9.4,2192.0,22.0,0.3076923076923077,0.615
687792,CH,164,81.8,7.7,-15.1,2076.0,28.0,0.345679012345679,0.225
687792,FC,68,83.9,4.8,-0.5,1868.0,9.0,0.2,0.093
687792,SL,43,80.3,-3.3,1.1,2092.0,5.0,0.29411764705882354,0.059
687792,KC,3,79.1,-3.5,1.1,2151.0,,nan,0.004
687792,,2,,,,,,nan,0.003
668971,FF,307,91.9,16.2,7.7,2107.0,23.0,0.2923076923076923,0.464
668971,CU,201,74.7,-5.0,-14.7,1978.0,21.0,0.4805194805194805,0.304
668971,SL,74,83.2,0.3,-4.8,2273.0,0.0,0.05263157894736842,0.112
668971,CH,73,83.3,6.6,6.8,1283.0,25.0,0.48717948717948717,0.11
668971,,5,,,,,,nan,0.008
668971,CS,1,58.2,-3.0,-16.9,1495.0,,nan,0.002
668971,SI,1,92.8,14.8,14.2,2135.0,,nan,0.002
663535,FF,560,88.9,10.2,-10.5,1832.0,5.0,0.12546125461254612,0.591
663535,SL,179,79.7,-0.2,2.6,2129.0,9.0,0.35802469135802467,0.189
663535,CH,129,79.3,4.3,-10.5,1493.0,9.0,0.24074074074074073,0.136
663535,FC,50,86.5,7.8,-0.9,1918.0,9.0,0.17391304347826086,0.053
663535,CU,24,75.6,-5.9,2.5,2242.0,25.0,0.25,0.025
663535,SI,4,88.0,8.9,-14.7,1792.0,-11.0,0.0,0.004
663535,,1,,,,,,nan,0.001
676510,SI,617,92.0,5.0,18.3,2316.0,4.0,0.23255813953488372,0.525
676510,CU,338,76.8,-6.1,-17.2,2450.0,7.0,0.4444444444444444,0.287
676510,FC,128,88.1,6.9,5.5,2220.0,15.0,0.23214285714285715,0.109
676510,CH,65,84.2,-1.9,18.8,2079.0,16.0,0.13793103448275862,0.055
676510,ST,22,82.3,8.1,-8.5,2463.0,-9.0,0.3333333333333333,0.019
676510,,6,,,,,,nan,0.005
694851,SL,509,83.2,2.6,-10.1,2350.0,19.0,0.2986425339366516,0.403
694851,SI,305,93.7,9.4,12.7,2174.0,-1.0,0.14864864864864866,0.241
694851,FF,268,93.7,13.2,5.7,2336.0,12.0,0.1774193548387097,0.212
694851,CH,115,86.7,7.8,12.5,1460.0,10.0,0.2391304347826087,0.091
694851,CU,66,80.4,-6.8,-12.1,2626.0,21.0,0.25,0.052
694851,,1,,,,,,nan,0.001
656548,SL,405,85.4,-2.4,-3.8,2313.0,14.0,0.3885350318471338,0.498
656548,FF,261,97.0,16.1,3.6,2174.0,6.0,0.23655913978494625,0.321
656548,SI,125,96.5,12.3,11.6,2210.0,12.0,0.125,0.154
656548,KC,15,78.9,-13.0,-10.0,2415.0,-0.0,0.2,0.018
656548,CH,6,93.5,10.1,13.4,2071.0,,nan,0.007
656548,,1,,,,,,nan,0.001
668970,SL,267,83.7,2.5,-11.3,2547.0,14.0,0.3333333333333333,0.443
668970,FF,210,93.0,10.5,8.3,2592.0,26.0,0.3225806451612903,0.348
668970,SI,125,93.7,2.2,16.1,2516.0,9.0,0.18867924528301888,0.207
668970,,1,,,,,,nan,0.002
656550,FF,261,95.3,14.9,5.6,2340.0,14.0,0.2916666666666667,0.379
656550,SL,222,88.0,-0.5,-1.9,2699.0,4.0,0.44144144144144143,0.322
656550,CU,140,83.6,-9.0,-6.0,2862.0,5.0,0.30985915492957744,0.203
656550,FC,62,93.7,10.5,0.5,2508.0,-7.0,0.25,0.09
656550,,4,,,,,,nan,0.006
641703,FF,267,94.5,16.0,5.2,2153.0,6.0,0.16176470588235295,0.39
641703,SL,132,85.6,2.6,-7.5,2323.0,22.0,0.25,0.193
641703,ST,103,81.4,5.3,-13.0,2501.0,26.0,0.3448275862068966,0.151
641703,CH,81,86.0,5.6,11.4,1715.0,8.0,0.3181818181818182,0.118
641703,SC,73,80.4,-4.0,8.2,2057.0,17.0,0.3,0.107
641703,SI,28,94.3,14.5,12.0,2127.0,18.0,0.0,0.041
690544,FF,256,94.2,16.3,-6.6,2314.0,13.0,0.3979591836734694,0.354
690544,ST,207,81.7,1.0,15.7,2729.0,19.0,0.29292929292929293,0.286
690544,FC,126,87.7,5.8,2.3,2480.0,12.0,0.2549019607843137,0.174
690544,CU,106,76.9,-14.1,11.2,2875.0,6.0,0.29545454545454547,0.147
690544,SL,12,83.9,3.5,6.4,2706.0,26.0,0.2,0.017
690544,SI,9,94.5,15.6,-13.0,2339.0,24.0,0.4,0.012
690544,,7,,,,,,nan,0.01
675921,FF,541,93.7,16.2,8.5,2105.0,18.0,0.31189710610932475,0.49
675921,SL,283,84.9,3.5,-4.2,2166.0,19.0,0.3228346456692913,0.256
675921,CH,143,79.6,7.6,13.0,1492.0,15.0,0.38571428571428573,0.13
675921,CU,104,75.4,-13.8,-7.6,1956.0,1.0,0.15625,0.094
675921,SI,31,90.0,14.6,13.7,1932.0,22.0,0.18181818181818182,0.028
675921,,1,,,,,,nan,0.001
675921,FA,1,65.8,5.8,-5.4,1695.0,,nan,0.001
676714,SL,376,81.2,4.4,5.7,2458.0,22.0,0.46195652173913043,0.465
676714,FF,220,92.2,12.9,-9.3,2295.0,22.0,0.18691588785046728,0.272
676714,SI,208,92.2,8.6,-14.1,2222.0,6.0,0.08,0.257
676714,CH,5,85.6,5.2,-8.9,2019.0,12.0,0.0,0.006
676428,SI,662,92.2,3.0,-15.5,2057.0,2.0,0.1277258566978193,0.543
676428,ST,362,82.8,3.1,8.9,2566.0,22.0,0.48031496062992124,0.297
676428,CH,99,86.0,2.6,-15.3,1601.0,21.0,0.2608695652173913,0.081
676428,FF,95,92.1,10.2,-7.5,2010.0,12.0,0.24528301886792453,0.078
676428,,2,,,,,,nan,0.002
688427,FF,360,92.1,13.2,-1.2,2497.0,2.0,0.2413793103448276,0.421
688427,FC,224,84.5,-1.1,6.2,2737.0,12.0,0.2692307692307692,0.262
688427,SL,144,80.3,-1.7,12.5,2698.0,18.0,0.4027777777777778,0.168
688427,ST,106,79.7,-0.9,18.3,2705.0,6.0,0.3333333333333333,0.124
688427,CH,21,85.4,6.4,-13.1,1601.0,25.0,0.0,0.025
688427,,1,,,,,,nan,0.001
667427,FF,323,92.0,17.0,4.7,2059.0,22.0,0.27586206896551724,0.45
667427,SL,315,82.5,-3.7,-1.6,2378.0,12.0,0.4444444444444444,0.439
667427,FS,58,83.9,6.3,10.4,1545.0,5.0,0.5263157894736842,0.081
667427,FC,10,85.8,-2.2,-2.8,2265.0,16.0,0.75,0.014
667427,CH,6,84.7,11.4,9.8,1560.0,,0.5,0.008
667427,,5,,,,,,nan,0.007
689690,SI,340,86.4,3.1,16.7,2278.0,6.0,0.17647058823529413,0.328
689690,ST,281,73.2,2.0,-13.1,2246.0,21.0,0.31451612903225806,0.271
689690,FF,213,87.2,9.5,14.1,2347.0,28.0,0.3,0.205
689690,CH,204,74.0,0.6,15.9,2087.0,7.0,0.44554455445544555,0.197
682175,SI,498,91.0,-2.3,-13.9,1992.0,-4.0,0.14847161572052403,0.678
682175,ST,149,78.5,-1.5,14.5,2310.0,26.0,0.41935483870967744,0.203
682175,SL,76,83.6,1.4,0.2,2194.0,-2.0,0.2702702702702703,0.103
682175,FF,10,91.9,5.5,-16.0,2106.0,-30.0,0.0,0.014
682175,CU,1,71.1,-2.9,-3.7,2102.0,,nan,0.001
682175,CH,1,85.0,-1.3,-16.9,1793.0,,nan,0.001
680691,FF,493,92.8,18.6,5.3,2219.0,25.0,0.19391634980988592,0.542
680691,FC,172,87.1,8.6,-3.6,2350.0,18.0,0.16923076923076924,0.189
680691,FS,113,82.8,5.9,3.9,894.0,21.0,0.2711864406779661,0.124
680691,ST,78,79.3,4.5,-14.0,2468.0,28.0,0.11764705882352941,0.086
680691,CU,52,74.3,-10.8,-9.0,2520.0,10.0,0.1875,0.057
680691,CH,1,88.7,4.4,15.6,1607.0,,nan,0.001
680691,,1,,,,,,nan,0.001
664079,SI,293,92.0,7.5,-15.5,1829.0,-6.0,0.112,0.337
664079,ST,278,80.3,4.4,15.9,2264.0,27.0,0.2624113475177305,0.32
664079,FC,192,88.0,6.3,0.8,2177.0,19.0,0.1717171717171717,0.221
664079,FF,106,91.5,12.9,-10.8,1979.0,6.0,0.2,0.122
664079,,1,,,,,,nan,0.001
686754,FF,463,96.7,16.6,7.0,2247.0,13.0,0.3197969543147208,0.41
686754,CH,304,91.5,6.8,13.4,1798.0,-2.0,0.5185185185185185,0.269
686754,SL,250,89.1,1.8,-4.2,2360.0,2.0,0.29213483146067415,0.221
686754,SI,84,94.4,12.6,12.2,2016.0,8.0,0.23529411764705882,0.074
686754,FC,25,91.3,6.1,-5.1,2416.0,25.0,0.3,0.022
686754,CU,2,86.1,-3.3,-3.4,2345.0,,nan,0.002
686754,,2,,,,,,nan,0.002
696522,FF,487,93.9,16.1,11.5,2288.0,13.0,0.3,0.422
696522,FC,392,89.2,9.2,-1.2,2224.0,10.0,0.19718309859154928,0.34
696522,CH,188,86.4,8.9,19.3,2343.0,15.0,0.20987654320987653,0.163
696522,SL,86,84.1,1.6,-4.7,2243.0,7.0,0.28205128205128205,0.075
696522,,1,,,,,,nan,0.001
676083,FF,410,92.5,18.0,2.6,2288.0,20.0,0.16901408450704225,0.417
676083,SL,225,87.2,4.6,-5.3,2285.0,11.0,0.18018018018018017,0.229
676083,CU,222,81.6,-12.1,-5.6,2472.0,2.0,0.3125,0.226
676083,ST,67,80.4,1.6,-12.5,2420.0,16.0,0.25,0.068
676083,SI,50,92.4,13.8,10.5,2130.0,4.0,0.1111111111111111,0.051
676083,FS,8,84.3,7.4,9.2,1277.0,-2.0,0.0,0.008
676083,,2,,,,,,nan,0.002
641739,SI,337,89.9,1.9,-14.4,2274.0,-5.0,0.16541353383458646,0.416
641739,KC,268,85.4,1.3,-0.2,2402.0,3.0,0.2545454545454545,0.33
641739,FF,111,90.1,8.5,-6.3,2261.0,16.0,0.1276595744680851,0.137
641739,CH,95,83.2,4.0,-11.6,1935.0,11.0,0.29411764705882354,0.117
621076,FF,372,92.1,14.4,5.2,2059.0,19.0,0.19101123595505617,0.373
621076,SL,216,80.9,1.6,-9.0,2363.0,20.0,0.31958762886597936,0.217
621076,CU,161,76.0,-9.8,-10.8,2465.0,15.0,0.2222222222222222,0.161
621076,SI,124,91.4,8.7,15.2,2093.0,6.0,0.05660377358490566,0.124
621076,CH,67,83.8,3.6,9.3,1286.0,8.0,0.35714285714285715,0.067
621076,FC,55,85.1,4.3,-1.9,2207.0,11.0,0.21212121212121213,0.055
621076,,2,,,,,,nan,0.002
666154,SI,827,90.8,7.4,13.0,2188.0,6.0,0.09345794392523364,0.339
666154,SL,708,83.2,2.5,-5.0,2355.0,16.0,0.3397790055248619,0.291
666154,FF,418,91.2,13.5,6.9,2313.0,21.0,0.1793478260869565,0.172
666154,CH,297,85.6,2.1,9.7,1462.0,4.0,0.25517241379310346,0.122
666154,FC,186,88.4,9.1,-0.6,2327.0,12.0,0.20930232558139536,0.076
641745,FF,322,93.8,14.2,0.2,2229.0,9.0,0.19047619047619047,0.306
641745,SL,281,85.9,-2.5,-6.4,2524.0,7.0,0.2953020134228188,0.267
641745,CH,208,89.8,5.7,10.2,1760.0,2.0,0.3402061855670103,0.197
641745,SI,147,92.7,7.9,11.0,1977.0,7.0,0.2777777777777778,0.139
641745,ST,77,83.1,0.3,-13.7,2589.0,32.0,0.38095238095238093,0.073
641745,CU,17,81.5,-7.7,-7.6,2529.0,16.0,0.42857142857142855,0.016
641745,,2,,,,,,nan,0.002
665001,FF,525,87.6,6.6,17.1,2150.0,13.0,0.2564102564102564,0.513
665001,ST,449,74.9,6.2,-13.6,2446.0,24.0,0.3034825870646766,0.438
665001,SL,26,81.6,6.1,-2.1,2354.0,50.0,0.2727272727272727,0.025
665001,CH,17,78.9,-2.2,20.1,2047.0,23.0,0.16666666666666666,0.017
665001,SI,3,91.7,9.2,18.3,2344.0,,nan,0.003
665001,,3,,,,,,nan,0.003
665001,FA,1,66.6,3.1,-13.0,2272.0,,nan,0.001
664028,SI,259,91.4,8.8,16.8,2059.0,7.0,0.13008130081300814,0.392
664028,CH,164,81.8,5.5,11.9,1320.0,16.0,0.28888888888888886,0.248
664028,FF,157,92.1,12.7,13.3,2189.0,25.0,0.28,0.238
664028,SL,79,85.1,7.3,2.5,2232.0,30.0,0.2903225806451613,0.12
664028,,2,,,,,,nan,0.003
695049,FF,759,90.9,16.4,6.3,2123.0,20.0,0.15151515151515152,0.574
695049,SL,298,81.9,-0.9,-4.6,2405.0,13.0,0.33974358974358976,0.225
695049,CH,115,80.9,12.0,8.1,1728.0,5.0,0.24561403508771928,0.087
695049,CU,97,75.3,-11.8,-7.3,2187.0,20.0,0.26666666666666666,0.073
695049,FC,43,89.1,13.1,1.5,2105.0,20.0,0.0,0.033
695049,ST,10,78.2,-2.2,-11.2,2397.0,15.0,0.5714285714285714,0.008
572971,SI,475,87.3,5.4,-14.9,1998.0,-3.0,0.13513513513513514,0.467
572971,CH,294,79.7,4.0,-14.2,1668.0,4.0,0.3411764705882353,0.289
572971,FC,131,84.1,7.3,2.3,2248.0,24.0,0.1276595744680851,0.129
572971,SL,111,77.7,-0.3,8.6,2472.0,3.0,0.4146341463414634,0.109
572971,FF,4,88.6,15.3,-6.8,2230.0,69.0,0.3333333333333333,0.004
572971,,2,,,,,,nan,0.002
668873,FF,254,94.8,15.2,4.9,2141.0,15.0,0.1984732824427481,0.369
668873,KC,114,76.6,-14.5,-8.8,2324.0,6.0,0.18181818181818182,0.166
668873,FC,109,86.2,1.4,-4.0,2150.0,11.0,0.36065573770491804,0.158
668873,SI,98,94.4,12.1,13.0,2017.0,-1.0,0.12,0.142
668873,ST,66,81.5,1.4,-12.6,2248.0,33.0,0.1935483870967742,0.096
668873,CH,42,87.1,6.7,12.5,1632.0,7.0,0.3157894736842105,0.061
668873,,4,,,,,,nan,0.006
668873,CS,1,65.8,-10.9,-12.6,1998.0,,nan,0.001
685116,SI,340,90.6,3.4,-15.0,1861.0,-5.0,0.09032258064516129,0.487
685116,ST,126,78.2,-1.5,11.6,2265.0,25.0,0.27450980392156865,0.181
685116,CH,114,82.4,4.2,-13.9,1685.0,13.0,0.3508771929824561,0.163
685116,CU,96,73.2,-9.2,12.1,2312.0,26.0,0.22857142857142856,0.138
685116,FF,22,90.9,6.8,-15.0,1876.0,-4.0,0.09090909090909091,0.032
694361,FF,483,96.7,16.7,6.8,2073.0,18.0,0.25462962962962965,0.608
694361,CU,191,85.7,-7.8,-4.2,2189.0,6.0,0.29333333333333333,0.24
694361,SL,120,88.2,2.6,-0.7,2166.0,7.0,0.5416666666666666,0.151
694361,,1,,,,,,nan,0.001
680572,SI,511,90.8,3.2,13.8,2060.0,1.0,0.15789473684210525,0.35
680572,FC,331,87.8,6.2,-1.6,2330.0,23.0,0.26490066225165565,0.226
680572,CH,276,86.2,2.3,11.9,1972.0,9.0,0.3076923076923077,0.189
680572,ST,249,80.4,-1.0,-14.9,2515.0,12.0,0.37815126050420167,0.17
680572,FF,68,91.8,11.6,8.2,2150.0,13.0,0.23529411764705882,0.047
680572,CU,22,77.0,-11.2,-14.0,2552.0,18.0,0.2,0.015
680572,,5,,,,,,nan,0.003
689017,FF,509,92.5,18.3,6.7,2381.0,22.0,0.20081967213114754,0.443
689017,SL,329,84.5,2.9,-3.7,2568.0,18.0,0.2727272727272727,0.286
689017,CH,178,83.5,13.7,9.0,1679.0,19.0,0.31868131868131866,0.155
689017,CU,87,78.7,-14.0,-8.3,2837.0,4.0,0.29411764705882354,0.076
689017,,45,,,,,,0.36,0.039
689017,ST,2,86.0,1.4,-10.9,2606.0,,1.0,0.002
571863,FC,357,88.7,4.8,-2.3,2198.0,14.0,0.17560975609756097,0.438
571863,FF,332,93.1,12.5,10.3,2075.0,17.0,0.13333333333333333,0.407
571863,SL,96,81.9,0.6,-8.4,2463.0,16.0,0.2765957446808511,0.118
571863,CH,25,86.8,6.6,13.0,1592.0,13.0,0.3076923076923077,0.031
571863,,5,,,,,,nan,0.006
806577,FC,391,88.5,11.8,-1.0,2056.0,16.0,0.1836734693877551,0.502
806577,FF,187,90.3,16.9,3.7,2058.0,23.0,0.15384615384615385,0.24
806577,CU,119,76.6,-9.6,-0.8,2498.0,29.0,0.16666666666666666,0.153
806577,CH,69,84.2,9.8,10.2,1515.0,8.0,0.1388888888888889,0.089
806577,SL,13,84.0,9.1,6.4,1536.0,14.0,0.16666666666666666,0.017
667434,FC,525,86.5,-0.6,2.2,2532.0,4.0,0.28125,0.579
667434,SI,322,92.4,6.2,11.8,2074.0,1.0,0.16101694915254236,0.355
667434,CU,55,83.3,-8.8,-6.4,2643.0,11.0,0.26666666666666666,0.061
667434,SL,3,83.3,-4.1,1.4,2532.0,,0.0,0.003
667434,FF,1,91.2,13.0,8.8,2073.0,,nan,0.001
688763,FF,348,89.8,15.6,8.3,2116.0,13.0,0.09259259259259259,0.442
688763,ST,179,78.8,1.4,-12.4,2293.0,28.0,0.2976190476190476,0.227
688763,CH,132,82.4,3.2,10.6,1274.0,8.0,0.23728813559322035,0.168
688763,CU,83,74.3,-13.2,-12.8,2558.0,15.0,0.35,0.105
688763,SL,46,82.6,2.7,-1.4,2054.0,8.0,0.2727272727272727,0.058
668820,FF,455,94.4,16.2,4.1,2163.0,19.0,0.19583333333333333,0.46
668820,SL,303,85.6,2.9,-5.3,2121.0,15.0,0.3082191780821918,0.306
668820,CU,149,77.7,-9.5,-11.9,2366.0,7.0,0.375,0.151
668820,ST,51,81.7,7.0,-13.0,2232.0,40.0,0.2962962962962963,0.052
668820,SI,25,92.3,12.9,11.1,2109.0,-0.0,0.1,0.025
668820,,6,,,,,,nan,0.006
667478,FS,350,79.9,2.4,-9.5,1148.0,9.0,0.35294117647058826,0.392
667478,FF,275,89.4,17.5,-11.5,2295.0,24.0,0.19827586206896552,0.308
667478,KC,259,79.4,-5.4,2.6,2024.0,15.0,0.3764705882352941,0.29
667478,,4,,,,,,nan,0.004
667478,SL,3,82.0,-4.1,-1.0,2572.0,,0.5,0.003
667478,CU,1,80.1,-9.6,-3.2,2574.0,,0.0,0.001
667478,SI,1,93.7,7.2,16.7,2353.0,,0.0,0.001
607216,CH,285,85.1,1.0,12.5,1444.0,5.0,0.323943661971831,0.289
607216,FF,268,94.5,14.4,11.6,2183.0,19.0,0.3130434782608696,0.272
607216,FC,254,89.7,8.2,-2.5,2414.0,14.0,0.2831858407079646,0.258
607216,SI,173,93.2,6.9,16.8,2107.0,6.0,0.12087912087912088,0.175
607216,,6,,,,,,nan,0.006
621139,FS,359,82.3,1.1,7.2,1020.0,14.0,0.430939226519337,0.363
621139,FF,270,93.2,17.5,5.2,2210.0,16.0,0.15306122448979592,0.273
621139,SL,232,81.7,5.2,-8.0,2101.0,19.0,0.4835164835164835,0.234
621139,CH,128,81.4,0.5,6.9,995.0,12.0,0.4666666666666667,0.129
621139,,1,,,,,,nan,0.001
640454,SI,321,89.0,1.9,-14.2,2032.0,-6.0,0.22764227642276422,0.437
640454,ST,168,80.7,-0.1,16.6,2681.0,15.0,0.46774193548387094,0.229
640454,FC,164,85.7,4.3,1.2,2435.0,10.0,0.30864197530864196,0.223
640454,CH,80,83.4,-2.0,-13.8,1640.0,6.0,0.3684210526315789,0.109
640454,,1,,,,,,nan,0.001
641771,SI,201,93.8,9.4,15.6,2087.0,-7.0,0.11267605633802817,0.207
641771,FF,195,94.6,14.5,11.7,2198.0,10.0,0.1956521739130435,0.201
641771,FC,193,91.2,10.3,-0.7,2296.0,-2.0,0.32,0.199
641771,SL,133,84.8,1.4,-5.0,2424.0,12.0,0.3103448275862069,0.137
641771,ST,125,79.2,-1.0,-13.0,2588.0,23.0,0.3018867924528302,0.129
641771,CH,123,86.2,4.0,14.9,1659.0,-3.0,0.32786885245901637,0.127
641771,,1,,,,,,nan,0.001
669270,SL,240,88.6,4.3,-3.4,2388.0,7.0,0.3805970149253731,0.379
669270,SI,169,94.2,8.1,14.7,2130.0,-8.0,0.11904761904761904,0.267
669270,FF,113,94.9,13.5,8.3,2133.0,12.0,0.22950819672131148,0.178
669270,CH,65,89.7,4.1,12.0,1539.0,-17.0,0.16666666666666666,0.103
669270,CU,44,81.2,-0.0,-5.9,2237.0,3.0,0.5555555555555556,0.069
669270,,3,,,,,,nan,0.005
665178,FF,433,92.3,17.3,-8.9,2259.0,25.0,0.1878453038674033,0.399
665178,FC,338,83.6,-0.6,2.2,2167.0,13.0,0.4012345679012346,0.311
665178,CH,298,82.6,6.7,-15.8,1997.0,15.0,0.3897058823529412,0.274
665178,,15,,,,,,nan,0.014
665178,SL,2,78.9,-8.8,5.3,2084.0,26.0,0.0,0.002
659275,FF,621,94.1,13.7,7.4,2363.0,11.0,0.15436241610738255,0.434
659275,SL,598,84.3,2.4,-0.6,2519.0,20.0,0.49310344827586206,0.418
659275,SI,122,94.5,12.8,14.4,2315.0,6.0,0.09803921568627451,0.085
659275,CH,88,89.9,8.8,12.3,1720.0,12.0,0.1875,0.061
659275,,2,,,,,,nan,0.001
686747,SI,429,87.1,4.2,-17.1,2031.0,5.0,0.10614525139664804,0.546
686747,ST,234,75.9,2.5,12.2,2126.0,20.0,0.31007751937984496,0.298
686747,CH,93,82.0,8.1,-13.1,1613.0,4.0,0.3191489361702128,0.118
686747,FF,25,89.3,11.3,-13.4,2087.0,0.0,0.125,0.032
686747,,5,,,,,,nan,0.006
641778,FF,653,91.0,15.8,-8.6,2202.0,22.0,0.2299168975069252,0.458
641778,FC,325,86.6,8.5,0.7,2197.0,13.0,0.2251655629139073,0.228
641778,CU,233,75.1,-8.7,9.8,2380.0,12.0,0.2972972972972973,0.164
641778,SL,120,84.8,5.0,4.2,2217.0,12.0,0.1206896551724138,0.084
641778,CH,94,85.1,6.5,-14.4,1671.0,13.0,0.25,0.066
596271,SI,656,87.0,4.4,15.4,2072.0,2.0,0.07624633431085044,0.261
596271,CH,579,80.4,1.4,15.5,1748.0,7.0,0.23974763406940064,0.23
596271,SL,474,79.7,5.2,-4.0,2348.0,19.0,0.38114754098360654,0.188
596271,FF,442,87.5,11.7,12.5,2156.0,20.0,0.11891891891891893,0.176
596271,ST,193,78.1,4.6,-11.6,2389.0,19.0,0.2413793103448276,0.077
596271,FC,87,82.3,7.2,1.3,2222.0,14.0,0.14285714285714285,0.035
596271,CU,86,77.0,-1.9,-6.2,2478.0,24.0,0.2727272727272727,0.034
596271,,1,,,,,,nan,0.0
644396,FF,355,95.5,9.7,12.2,1975.0,2.0,0.1951219512195122,0.47
644396,FC,197,86.0,2.2,-3.5,2247.0,9.0,0.4358974358974359,0.261
644396,FS,167,92.1,7.4,12.4,1701.0,8.0,0.14457831325301204,0.221
644396,CH,36,89.2,3.0,9.4,1349.0,-4.0,0.38095238095238093,0.048
644396,,1,,,,,,nan,0.001
668984,FF,527,93.4,12.9,13.2,2334.0,20.0,0.23684210526315788,0.564
668984,SL,231,83.9,4.7,-4.1,2553.0,16.0,0.3563218390804598,0.247
668984,CH,174,87.4,0.8,15.4,1691.0,7.0,0.2159090909090909,0.186
668984,ST,3,80.2,8.2,-6.9,2478.0,,0.0,0.003
656647,FF,307,92.0,15.3,0.4,2513.0,16.0,0.25547445255474455,0.502
656647,CU,168,79.5,-15.1,7.7,2440.0,-3.0,0.3064516129032258,0.275
656647,FC,134,89.1,6.8,3.6,2516.0,6.0,0.26153846153846155,0.219
656647,,2,,,,,,nan,0.003
656647,SL,1,84.8,-1.2,4.7,2548.0,,nan,0.002
605335,FF,644,88.2,14.9,-8.1,2005.0,15.0,0.13268608414239483,0.487
605335,SL,315,83.2,5.5,4.7,2306.0,13.0,0.2459016393442623,0.238
605335,CH,229,78.9,9.0,-8.9,1317.0,7.0,0.5384615384615384,0.173
605335,ST,110,76.8,-4.6,12.3,2590.0,27.0,0.24489795918367346,0.083
605335,CU,22,73.5,-9.8,8.3,2467.0,4.0,0.42857142857142855,0.017
605335,,2,,,,,,nan,0.002
683004,FF,716,96.4,16.8,6.9,2321.0,23.0,0.3190883190883191,0.538
683004,SL,297,87.4,3.0,-4.5,2504.0,11.0,0.4393063583815029,0.223
683004,FC,126,90.7,9.2,1.8,2425.0,9.0,0.23809523809523808,0.095
683004,CU,109,81.4,-9.1,-6.3,2632.0,4.0,0.3684210526315789,0.082
683004,CH,83,89.1,8.6,13.2,2073.0,20.0,0.14814814814814814,0.062
683004,,1,,,,,,nan,0.001
669193,FF,381,94.1,14.9,10.0,2254.0,28.0,0.29245283018867924,0.619
669193,SL,217,84.8,3.0,-3.0,2417.0,18.0,0.31,0.352
669193,CH,11,86.7,2.5,15.8,2035.0,,1.0,0.018
669193,FS,5,85.8,1.5,7.8,923.0,,nan,0.008
669193,SI,2,95.0,13.6,15.2,2260.0,,0.0,0.003
679712,FF,796,88.7,14.4,-5.6,2025.0,17.0,0.19287833827893175,0.474
679712,SL,358,81.0,-1.4,7.8,2368.0,9.0,0.2709677419354839,0.213
679712,FS,285,79.4,1.8,-8.7,823.0,4.0,0.5476190476190477,0.17
679712,CU,239,75.2,-12.9,13.4,2319.0,12.0,0.4375,0.142
656657,FF,511,91.4,12.3,-11.7,2001.0,12.0,0.23622047244094488,0.35
656657,CU,388,78.5,5.2,9.3,2492.0,22.0,0.31958762886597936,0.266
656657,CH,240,83.5,1.3,-15.9,1857.0,3.0,0.14423076923076922,0.164
656657,FC,176,86.5,7.7,0.7,2348.0,18.0,0.15555555555555556,0.121
656657,SI,139,89.8,4.5,-16.4,1889.0,-1.0,0.034482758620689655,0.095
656657,,5,,,,,,nan,0.003
682052,FF,662,90.1,10.7,-14.0,2086.0,12.0,0.28102189781021897,0.417
682052,SL,476,77.2,-0.2,7.8,2256.0,18.0,0.32677165354330706,0.3
682052,CH,208,82.2,7.3,-16.7,2113.0,8.0,0.3191489361702128,0.131
682052,FC,166,86.7,8.6,-1.0,2133.0,9.0,0.2976190476190476,0.105
682052,SI,70,90.6,9.5,-14.3,2062.0,39.0,0.26666666666666666,0.044
682052,,4,,,,,,nan,0.003
695418,FF,401,92.8,10.8,15.2,2197.0,22.0,0.35071090047393366,0.423
695418,SI,222,92.4,5.1,17.4,2115.0,4.0,0.09090909090909091,0.234
695418,CH,185,84.3,3.4,15.6,1758.0,11.0,0.24731182795698925,0.195
695418,SL,138,84.0,2.7,-0.0,2273.0,16.0,0.3,0.146
695418,FA,1,74.3,2.5,18.2,1733.0,,nan,0.001
695418,,1,,,,,,nan,0.001
702795,SI,530,94.4,11.5,11.7,1824.0,11.0,0.2534246575342466,0.581
702795,SL,181,85.3,-0.7,-2.4,2085.0,12.0,0.20253164556962025,0.198
702795,CH,98,87.6,1.3,14.7,1569.0,3.0,0.275,0.107
702795,ST,90,84.9,-2.9,-7.6,2128.0,23.0,0.24242424242424243,0.099
702795,KC,11,81.5,-13.8,-6.9,2246.0,-13.0,0.3333333333333333,0.012
702795,,2,,,,,,nan,0.002
702795,FC,1,90.1,7.4,3.0,2217.0,,nan,0.001
687922,FF,484,93.6,16.3,-7.0,2174.0,17.0,0.25396825396825395,0.454
687922,SL,262,82.0,4.8,10.2,2219.0,31.0,0.45384615384615384,0.246
687922,FC,215,89.5,8.7,2.0,2143.0,6.0,0.192,0.202
687922,CH,95,85.5,7.6,-10.6,1292.0,10.0,0.5128205128205128,0.089
687922,,9,,,,,,nan,0.008
664192,SI,716,89.2,8.7,-14.8,2119.0,-1.0,0.13372093023255813,0.376
664192,FC,578,89.8,14.0,-5.7,2168.0,11.0,0.1760797342192691,0.303
664192,CU,575,76.2,-1.4,3.3,2079.0,15.0,0.29464285714285715,0.302
664192,CH,29,80.4,5.0,-4.1,1076.0,-11.0,0.3333333333333333,0.015
664192,,7,,,,,,nan,0.004
476595,FC,444,86.1,5.7,4.7,2566.0,10.0,0.22510822510822512,0.449
476595,ST,387,76.7,-1.5,19.5,2710.0,19.0,0.31216931216931215,0.391
476595,CU,151,74.2,-14.8,11.7,2620.0,11.0,0.5370370370370371,0.153
476595,FF,6,85.3,7.6,-12.8,2108.0,-47.0,0.0,0.006
476595,,1,,,,,,nan,0.001
663738,FF,528,92.1,15.6,-7.9,2153.0,21.0,0.2025862068965517,0.283
663738,CH,493,83.7,5.4,-13.7,1581.0,5.0,0.2605633802816901,0.264
663738,SL,397,85.2,4.5,1.4,2224.0,12.0,0.2644230769230769,0.213
663738,SI,218,92.0,9.4,-14.8,2071.0,-5.0,0.11320754716981132,0.117
663738,KC,150,79.1,-4.1,2.6,2240.0,14.0,0.22727272727272727,0.08
663738,FC,81,89.0,9.5,-1.6,2129.0,6.0,0.13333333333333333,0.043
669740,FF,438,93.4,8.9,4.6,2229.0,3.0,0.2561576354679803,0.341
669740,FC,405,88.2,3.7,-1.8,2296.0,7.0,0.19444444444444445,0.315
669740,SL,192,83.7,2.4,-7.7,2245.0,12.0,0.28865979381443296,0.149
669740,SI,144,93.6,8.7,9.1,2225.0,-1.0,0.07575757575757576,0.112
669740,ST,86,82.8,1.9,-9.6,2254.0,10.0,0.30952380952380953,0.067
669740,CU,11,80.9,-2.2,-10.4,2199.0,31.0,0.0,0.009
669740,CH,8,85.4,3.3,10.0,1619.0,,0.0,0.006
669740,,2,,,,,,nan,0.002
656671,SI,541,89.6,10.3,-15.7,2121.0,13.0,0.23107569721115537,0.546
656671,CH,300,80.6,4.1,-16.5,1897.0,10.0,0.4146341463414634,0.303
656671,SL,141,77.6,0.0,5.7,1905.0,2.0,0.3114754098360656,0.142
656671,,9,,,,,,nan,0.009
672836,FF,391,92.0,18.1,8.3,2249.0,24.0,0.2863849765258216,0.562
672836,SL,105,80.1,1.9,-13.4,2308.0,29.0,0.38181818181818183,0.151
672836,FC,92,86.0,9.0,-3.7,2218.0,12.0,0.24074074074074073,0.132
672836,CH,56,84.6,9.3,16.1,1976.0,18.0,0.05555555555555555,0.08
672836,CU,52,78.1,-8.5,-7.8,2316.0,6.0,0.4,0.075
680744,FF,645,93.8,16.8,8.3,2298.0,20.0,0.2364217252396166,0.435
680744,SL,400,82.9,-2.2,-2.6,2552.0,16.0,0.4694835680751174,0.27
680744,FC,194,87.1,7.2,-2.0,2352.0,7.0,0.37209302325581395,0.131
680744,FS,146,83.1,6.8,10.3,1382.0,9.0,0.45161290322580644,0.099
680744,KC,91,78.4,-13.2,-5.6,2537.0,8.0,0.38095238095238093,0.061
680744,SI,5,93.1,14.7,13.8,2093.0,,0.0,0.003
680744,,1,,,,,,nan,0.001
687841,FF,447,93.4,15.7,-5.3,2266.0,8.0,0.15263157894736842,0.461
687841,SL,327,83.0,-1.7,5.2,2680.0,10.0,0.38650306748466257,0.337
687841,CU,169,76.9,-13.1,11.0,2783.0,14.0,0.3793103448275862,0.174
687841,SI,23,93.6,14.4,-9.8,2289.0,20.0,0.2,0.024
687841,,4,,,,,,nan,0.004
687424,SL,465,84.9,4.7,-1.1,2649.0,14.0,0.5021459227467812,0.539
687424,SI,309,92.8,16.1,12.3,2384.0,23.0,0.1419753086419753,0.358
687424,FC,87,90.7,11.4,3.9,2513.0,25.0,0.16666666666666666,0.101
687424,,1,,,,,,nan,0.001
666159,FF,587,93.9,16.5,5.2,2186.0,19.0,0.23839009287925697,0.516
666159,ST,254,82.6,9.0,-9.4,2292.0,22.0,0.2882882882882883,0.223
666159,CU,136,80.9,-10.7,-9.1,2245.0,6.0,0.2765957446808511,0.12
666159,FS,108,88.6,5.6,12.9,1594.0,1.0,0.20930232558139536,0.095
666159,SL,52,85.7,3.1,-5.3,2289.0,9.0,0.22727272727272727,0.046
666159,,1,,,,,,nan,0.001
676760,FF,349,93.3,15.1,13.0,2230.0,14.0,0.22346368715083798,0.538
676760,CH,199,81.5,1.3,16.6,2120.0,-9.0,0.3958333333333333,0.307
676760,ST,100,80.9,2.7,-12.0,2402.0,1.0,0.35294117647058826,0.154
676760,,1,,,,,,nan,0.002
592527,SL,949,80.0,0.3,-7.3,2535.0,22.0,0.2725225225225225,0.468
592527,SI,510,89.4,10.8,13.5,2206.0,10.0,0.04048582995951417,0.251
592527,FF,375,90.2,16.6,10.1,2311.0,28.0,0.1404494382022472,0.185
592527,CU,98,73.1,-8.4,-12.1,2493.0,27.0,0.16129032258064516,0.048
592527,CH,72,84.0,9.8,13.5,1752.0,13.0,0.2692307692307692,0.036
592527,FS,19,80.3,-1.5,14.7,1537.0,31.0,0.1,0.009
592527,,5,,,,,,nan,0.002
656686,FF,491,95.7,15.7,3.5,2428.0,12.0,0.23412698412698413,0.543
656686,CU,178,85.6,-5.1,-7.0,2589.0,1.0,0.25,0.197
656686,SL,135,91.2,7.0,-4.2,2409.0,7.0,0.22,0.149
656686,CH,96,90.1,4.8,12.6,2174.0,4.0,0.28205128205128205,0.106
656686,,4,,,,,,nan,0.004
702303,FF,563,93.2,16.9,-2.9,2416.0,13.0,0.3051643192488263,0.454
702303,CU,416,82.2,-13.6,6.0,2558.0,-8.0,0.39361702127659576,0.335
702303,ST,250,83.8,-0.1,11.5,2491.0,23.0,0.34831460674157305,0.202
702303,,5,,,,,,nan,0.004
702303,CH,4,87.6,5.6,-13.6,1483.0,,nan,0.003
702303,SL,1,77.8,6.6,-8.5,2699.0,,1.0,0.001
702303,SI,1,93.3,10.1,16.1,2201.0,,1.0,0.001
676755,FF,639,92.8,19.2,8.4,2317.0,17.0,0.2750809061488673,0.625
676755,SL,238,85.3,7.3,-1.8,2028.0,25.0,0.2764227642276423,0.233
676755,CH,95,84.9,9.0,11.7,1664.0,10.0,0.2692307692307692,0.093
676755,CU,50,78.1,-9.4,-3.7,2161.0,15.0,0.42857142857142855,0.049
676089,FC,305,86.8,2.9,-5.0,2535.0,15.0,0.4370860927152318,0.364
676089,FF,278,93.3,16.7,3.7,2378.0,20.0,0.13076923076923078,0.331
676089,SL,168,82.8,-1.0,-4.1,2504.0,9.0,0.42857142857142855,0.2
676089,SI,81,93.3,14.1,13.1,2287.0,21.0,0.19444444444444445,0.097
676089,,5,,,,,,nan,0.006
676089,KC,1,82.3,-10.9,-13.8,3080.0,,0.0,0.001
676089,ST,1,85.4,5.6,-9.1,2919.0,,nan,0.001
687209,FF,571,99.2,18.1,6.3,2413.0,16.0,0.2846441947565543,0.74
687209,SL,194,88.4,1.4,-6.7,2532.0,13.0,0.4838709677419355,0.251
687209,,5,,,,,,nan,0.006
687209,CH,2,89.0,6.8,12.5,2214.0,,0.0,0.003
594577,FF,351,91.4,15.3,7.4,2167.0,29.0,0.27647058823529413,0.444
594577,SL,173,81.8,1.1,-11.4,2181.0,24.0,0.2,0.219
594577,FC,169,86.6,6.7,-3.4,2194.0,19.0,0.2222222222222222,0.214
594577,FS,74,81.9,3.7,8.3,1057.0,13.0,0.3870967741935484,0.094
594577,SI,10,90.6,12.0,8.2,2131.0,-3.0,0.14285714285714285,0.013
594577,CH,8,84.1,13.7,5.9,1497.0,-2.0,0.5,0.01
594577,,4,,,,,,nan,0.005
594577,CU,1,79.4,-11.5,-8.5,2295.0,,0.0,0.001
800049,FF,481,95.0,15.1,5.0,2094.0,21.0,0.1908713692946058,0.472
800049,SL,258,86.9,1.3,-2.1,2406.0,10.0,0.3416666666666667,0.253
800049,CU,138,81.8,-10.0,-5.5,2452.0,14.0,0.323943661971831,0.136
800049,CH,86,90.6,8.0,12.4,1687.0,8.0,0.24390243902439024,0.084
800049,SI,55,94.4,11.9,14.3,2025.0,-5.0,0.3125,0.054
670766,SI,516,89.6,7.2,15.3,2136.0,14.0,0.16129032258064516,0.365
670766,ST,405,81.9,4.6,-11.8,2590.0,9.0,0.3431952662721893,0.287
670766,FF,246,89.8,13.5,7.3,2117.0,28.0,0.28688524590163933,0.174
670766,CH,245,81.8,3.7,14.0,1389.0,5.0,0.40336134453781514,0.174
694646,FF,893,93.7,18.1,7.4,2125.0,24.0,0.3058510638297872,0.485
694646,SL,387,84.7,2.3,-5.6,2530.0,14.0,0.4114285714285714,0.21
694646,CH,240,83.8,4.1,9.8,1131.0,18.0,0.4461538461538462,0.13
694646,CU,173,75.7,-16.0,-10.6,2753.0,-1.0,0.3114754098360656,0.094
694646,ST,150,80.4,1.9,-15.4,2746.0,22.0,0.3787878787878788,0.081
686790,SI,326,92.7,2.8,15.4,2150.0,-1.0,0.1513157894736842,0.429
686790,SL,230,83.8,-5.3,-8.2,2535.0,15.0,0.46153846153846156,0.303
686790,CH,117,86.9,3.5,16.1,1896.0,6.0,0.2727272727272727,0.154
686790,FF,87,92.7,10.6,14.0,2058.0,11.0,0.15384615384615385,0.114
641849,FF,469,89.3,12.6,6.3,2133.0,8.0,0.24242424242424243,0.467
641849,ST,275,75.7,6.1,-16.2,2477.0,23.0,0.2589928057553957,0.274
641849,SL,168,82.0,2.0,-6.1,2235.0,10.0,0.1951219512195122,0.167
641849,CH,63,80.1,-0.1,13.0,1334.0,21.0,0.10526315789473684,0.063
641849,FC,16,87.0,9.4,-1.4,2128.0,,0.3333333333333333,0.016
641849,,7,,,,,,nan,0.007
641849,CU,6,74.7,-5.6,-17.4,2453.0,21.0,0.3333333333333333,0.006
676046,FF,356,94.1,16.0,7.2,2390.0,16.0,0.2230769230769231,0.571
676046,SL,205,85.7,-0.7,-6.5,2712.0,14.0,0.47126436781609193,0.329
676046,CU,37,79.6,-7.7,-11.5,2588.0,48.0,0.5,0.059
676046,ST,20,82.9,2.4,-15.9,2667.0,12.0,0.14285714285714285,0.032
676046,,4,,,,,,nan,0.006
676046,CH,1,90.0,10.2,18.8,1944.0,,nan,0.002
543518,FF,281,93.0,16.7,8.2,2355.0,12.0,0.19166666666666668,0.447
543518,FS,199,84.8,5.9,5.7,1307.0,18.0,0.4262295081967213,0.316
543518,SL,111,85.9,1.9,-5.2,2593.0,-0.0,0.3584905660377358,0.176
543518,SI,37,93.0,14.9,13.3,2369.0,-4.0,0.16666666666666666,0.059
543518,,1,,,,,,nan,0.002
690736,SL,300,81.3,2.9,9.0,2365.0,20.0,0.34285714285714286,0.333
690736,FF,244,91.9,15.5,-4.3,2162.0,17.0,0.25,0.271
690736,SI,211,91.4,11.4,-13.5,2102.0,2.0,0.1511627906976744,0.234
690736,CH,81,84.2,10.7,-14.2,1907.0,-2.0,0.21875,0.09
690736,CU,61,75.3,-14.1,9.1,2343.0,9.0,0.4230769230769231,0.068
690736,,4,,,,,,nan,0.004
641851,SL,327,79.0,0.1,-13.0,2734.0,27.0,0.25333333333333335,0.386
641851,SI,247,90.3,6.4,16.6,2344.0,7.0,0.1981981981981982,0.291
641851,FC,123,86.7,7.0,-3.2,2542.0,24.0,0.1346153846153846,0.145
641851,CH,79,84.6,3.8,17.5,2193.0,12.0,0.28125,0.093
641851,FF,71,90.3,15.4,8.8,2404.0,14.0,0.16,0.084
641851,,1,,,,,,nan,0.001
700241,SI,779,91.2,5.9,13.5,2181.0,-3.0,0.13896457765667575,0.319
700241,ST,548,83.8,0.1,-11.2,2456.0,12.0,0.33584905660377357,0.224
700241,FF,489,92.5,13.5,9.0,2223.0,20.0,0.27756653992395436,0.2
700241,FC,285,89.2,7.6,2.2,2284.0,14.0,0.1437908496732026,0.117
700241,CH,188,86.6,5.8,13.4,1646.0,2.0,0.1728395061728395,0.077
700241,CU,154,78.8,-10.7,-12.2,2542.0,6.0,0.22388059701492538,0.063
700241,,1,,,,,,nan,0.0
679928,FF,533,91.2,14.3,12.0,1995.0,24.0,0.23389830508474577,0.376
679928,CH,363,77.5,-0.1,12.2,1795.0,12.0,0.31443298969072164,0.256
679928,ST,237,75.8,1.8,-14.7,2248.0,21.0,0.24705882352941178,0.167
679928,FC,199,85.8,7.2,-0.6,2001.0,14.0,0.18627450980392157,0.14
679928,SI,72,89.6,8.8,14.7,1876.0,5.0,0.02702702702702703,0.051
679928,CU,11,74.9,-2.8,-12.4,2261.0,14.0,0.0,0.008
679928,,3,,,,,,nan,0.002
679928,FA,1,43.6,18.5,12.5,987.0,,nan,0.001
663474,FF,596,92.8,19.3,2.6,2256.0,19.0,0.2290909090909091,0.619
663474,CU,250,78.1,-7.1,-10.3,2200.0,15.0,0.3939393939393939,0.26
663474,SL,114,85.6,6.5,-3.8,2215.0,25.0,0.42857142857142855,0.118
663474,,3,,,,,,nan,0.003
669111,FF,331,94.9,16.7,7.7,2205.0,9.0,0.24,0.53
669111,SL,289,84.2,0.1,-1.7,2171.0,10.0,0.45714285714285713,0.462
669111,,5,,,,,,nan,0.008
656726,FF,567,96.1,12.7,5.5,2262.0,17.0,0.31958762886597936,0.466
656726,ST,493,88.4,2.7,-4.9,2481.0,18.0,0.4025423728813559,0.405
656726,SL,149,85.7,-6.1,-4.0,2387.0,10.0,0.28846153846153844,0.123
656726,CU,6,85.2,-9.7,-4.4,2448.0,,nan,0.005
656726,,1,,,,,,nan,0.001
658431,SI,478,92.3,2.0,17.4,2252.0,-3.0,0.14354066985645933,0.456
658431,CH,264,86.1,-3.0,16.2,1839.0,-2.0,0.408,0.252
658431,ST,241,81.7,3.9,-12.6,2588.0,15.0,0.34285714285714286,0.23
658431,FC,58,87.5,6.0,-1.2,2317.0,32.0,0.13333333333333333,0.055
658431,FF,5,92.5,12.4,10.8,2259.0,15.0,0.0,0.005
658431,,1,,,,,,nan,0.001
658431,FA,1,74.8,-4.7,12.6,1656.0,,nan,0.001
703231,FF,204,92.1,13.3,11.2,2123.0,26.0,0.3125,0.333
703231,FC,186,86.6,8.3,-0.5,2208.0,15.0,0.1958762886597938,0.304
703231,SL,151,81.8,-6.4,-3.7,2237.0,4.0,0.23529411764705882,0.247
703231,SI,70,90.5,4.6,15.5,2038.0,-7.0,0.1724137931034483,0.114
703231,CH,1,80.4,3.6,17.4,1583.0,,nan,0.002
656731,FF,336,95.1,15.8,7.9,2206.0,14.0,0.2972972972972973,0.451
656731,SL,158,85.2,0.1,-4.2,2183.0,6.0,0.36486486486486486,0.212
656731,FC,80,89.8,7.0,-2.5,2142.0,6.0,0.20930232558139536,0.107
656731,FS,65,84.6,-0.8,5.7,961.0,1.0,0.3333333333333333,0.087
656731,SI,54,93.8,7.9,14.9,2104.0,-6.0,0.14285714285714285,0.072
656731,CU,22,77.8,-12.9,-10.7,2386.0,-8.0,0.25,0.03
656731,ST,18,81.6,-5.2,-7.6,2323.0,48.0,0.4444444444444444,0.024
656731,CH,12,87.4,7.0,13.5,1664.0,35.0,0.2,0.016
684871,FF,375,95.6,15.2,4.6,2271.0,6.0,0.2046783625730994,0.385
684871,SL,358,86.2,-0.4,-2.0,2328.0,14.0,0.4689655172413793,0.368
684871,SI,235,95.1,9.8,14.4,2260.0,3.0,0.1743119266055046,0.241
684871,,5,,,,,,nan,0.005
684871,CH,1,90.9,6.1,15.8,2152.0,,0.0,0.001
691441,CU,442,84.7,-4.8,-1.8,2527.0,11.0,0.33181818181818185,0.267
691441,ST,363,85.0,6.7,-7.1,2519.0,13.0,0.4215686274509804,0.22
691441,FF,357,93.2,15.8,4.2,2297.0,15.0,0.1724137931034483,0.216
691441,SI,277,93.0,10.1,11.1,2255.0,-2.0,0.15748031496062992,0.168
691441,CH,210,89.9,8.4,10.9,2057.0,3.0,0.27956989247311825,0.127
691441,,4,,,,,,nan,0.002
675650,FF,639,95.1,16.9,11.4,2316.0,20.0,0.19805194805194806,0.555
675650,FC,219,88.3,5.8,0.4,2112.0,15.0,0.4489795918367347,0.19
675650,CU,155,83.0,-9.7,-4.3,2398.0,-5.0,0.5714285714285714,0.135
675650,CH,139,88.4,3.5,14.1,1483.0,8.0,0.38461538461538464,0.121
676974,FF,408,94.4,14.3,5.3,2412.0,13.0,0.1596244131455399,0.407
676974,SL,385,88.2,-1.4,-2.6,2573.0,8.0,0.37320574162679426,0.384
676974,CH,187,86.6,7.5,13.6,1748.0,-6.0,0.26506024096385544,0.187
676974,SI,21,95.0,14.9,9.8,2437.0,12.0,0.2222222222222222,0.021
676974,,1,,,,,,nan,0.001
805437,FF,408,95.8,11.4,13.6,2260.0,-0.0,0.2889908256880734,0.387
805437,SL,232,88.2,6.6,0.0,2335.0,25.0,0.30158730158730157,0.22
805437,SI,199,93.9,4.3,15.2,2130.0,1.0,0.12903225806451613,0.189
805437,CU,127,79.5,2.1,-14.6,2242.0,29.0,0.27906976744186046,0.12
805437,CH,75,87.9,-2.0,15.1,1534.0,-3.0,0.125,0.071
805437,,12,,,,,,nan,0.011
805437,FC,1,89.3,5.2,2.9,2524.0,,nan,0.001
679777,FC,248,88.1,8.3,-2.0,2458.0,19.0,0.2524271844660194,0.365
679777,FF,179,92.5,17.0,5.5,2094.0,25.0,0.2,0.264
679777,CU,86,77.2,-3.5,-11.4,2624.0,16.0,0.20454545454545456,0.127
679777,SL,81,82.9,4.4,-4.2,2406.0,19.0,0.1951219512195122,0.119
679777,CH,78,83.0,7.4,10.6,1378.0,6.0,0.2702702702702703,0.115
679777,,6,,,,,,nan,0.009
679777,SI,1,94.7,16.9,11.9,2122.0,,0.0,0.001
668943,SI,444,93.6,12.4,10.6,2180.0,14.0,0.26066350710900477,0.465
668943,SL,341,87.6,3.8,-1.8,2308.0,10.0,0.31443298969072164,0.357
668943,ST,170,80.5,1.0,-13.3,2300.0,26.0,0.26744186046511625,0.178
664948,FC,508,87.5,5.9,5.0,2277.0,13.0,0.32967032967032966,0.539
664948,FF,252,91.7,16.0,-6.6,2068.0,15.0,0.18556701030927836,0.268
664948,CU,168,77.8,-12.7,4.6,2766.0,0.0,0.559322033898305,0.178
664948,SL,10,82.4,-1.6,5.7,2496.0,-4.0,0.25,0.011
664948,,4,,,,,,nan,0.004
672456,FF,477,95.1,15.4,5.7,2094.0,17.0,0.17452830188679244,0.531
672456,SL,229,84.3,1.3,-11.4,2651.0,23.0,0.36752136752136755,0.255
672456,KC,114,79.0,-11.3,-12.6,2878.0,11.0,0.2553191489361702,0.127
672456,CH,78,85.4,7.2,14.6,1702.0,10.0,0.43243243243243246,0.087
801216,SL,410,86.2,3.2,-2.6,2282.0,11.0,0.3789954337899543,0.451
801216,FF,256,95.5,14.2,5.1,2236.0,12.0,0.14388489208633093,0.281
801216,SI,177,93.8,8.1,13.2,1949.0,4.0,0.15625,0.195
801216,CH,57,88.3,5.7,13.5,1888.0,5.0,0.4090909090909091,0.063
801216,,10,,,,,,nan,0.011
687287,FF,585,89.7,16.3,-6.2,2145.0,20.0,0.2053872053872054,0.486
687287,FC,271,85.6,8.9,4.5,2271.0,20.0,0.18471337579617833,0.225
687287,CH,175,82.4,5.7,-15.0,1788.0,4.0,0.2727272727272727,0.145
687287,CU,162,77.1,-8.4,8.3,2425.0,12.0,0.22033898305084745,0.135
687287,,5,,,,,,nan,0.004
687287,SI,4,89.0,15.7,-14.4,2195.0,,1.0,0.003
687287,FA,1,74.3,-2.2,-14.0,1664.0,,nan,0.001
682254,FF,1013,94.0,18.3,-7.0,2167.0,17.0,0.272552783109405,0.636
682254,SL,414,85.6,4.4,2.5,2288.0,7.0,0.3963963963963964,0.26
682254,CH,166,85.1,12.4,-10.6,1535.0,17.0,0.25675675675675674,0.104
572383,FF,514,83.5,7.5,-0.4,2063.0,13.0,0.26515151515151514,0.589
572383,ST,348,69.2,3.5,16.5,2060.0,26.0,0.25190839694656486,0.399
572383,CH,11,80.4,9.5,-14.1,1718.0,30.0,0.0,0.013
642575,SI,453,94.6,12.6,9.6,2123.0,26.0,0.2374429223744292,0.607
642575,SL,223,84.0,0.8,-4.4,2145.0,15.0,0.41836734693877553,0.299
642575,FS,66,85.6,2.9,7.9,1418.0,9.0,0.35,0.088
642575,,4,,,,,,nan,0.005
663752,FF,325,93.3,15.8,7.6,2437.0,13.0,0.2391304347826087,0.427
663752,FC,268,87.0,4.5,-2.9,2326.0,13.0,0.3023255813953488,0.352
663752,CU,91,79.5,-16.4,-7.3,2326.0,2.0,0.5,0.119
663752,CH,77,81.1,8.9,11.5,1537.0,22.0,0.3888888888888889,0.101
663752,,1,,,,,,nan,0.001
665996,SI,440,90.7,8.7,-13.9,2198.0,3.0,0.19653179190751446,0.363
665996,FF,337,91.8,14.9,-4.0,2357.0,15.0,0.2619047619047619,0.278
665996,SL,285,80.8,-1.2,7.7,2564.0,17.0,0.41216216216216217,0.235
665996,CU,136,77.2,-4.6,16.2,2543.0,15.0,0.3170731707317073,0.112
665996,,7,,,,,,nan,0.006
665996,CH,6,87.0,8.2,-15.0,1977.0,52.0,0.0,0.005
682077,SI,765,90.2,7.0,12.9,2239.0,8.0,0.09627329192546584,0.349
682077,CU,599,80.4,-1.5,-12.1,2631.0,16.0,0.3501683501683502,0.274
682077,SL,438,85.0,2.6,-3.2,2802.0,18.0,0.24766355140186916,0.2
682077,FF,194,90.8,14.1,5.6,2301.0,14.0,0.21176470588235294,0.089
682077,CH,137,86.0,3.3,11.7,1710.0,1.0,0.23076923076923078,0.063
682077,FS,54,81.9,-1.6,6.3,1067.0,-13.0,0.2727272727272727,0.025
682077,,2,,,,,,nan,0.001
682610,SI,212,94.7,6.5,15.9,2208.0,5.0,0.03333333333333333,0.259
682610,FF,197,94.9,14.1,9.5,2259.0,27.0,0.18518518518518517,0.241
682610,FC,159,88.6,6.2,-0.6,2328.0,15.0,0.42028985507246375,0.195
682610,SL,136,85.3,-2.0,-6.9,2329.0,17.0,0.5238095238095238,0.166
682610,CH,110,89.5,9.9,12.6,1787.0,6.0,0.2549019607843137,0.135
682610,,3,,,,,,nan,0.004
668716,SI,361,95.5,5.0,16.3,2199.0,-12.0,0.2097902097902098,0.534
668716,ST,158,82.1,2.5,-14.4,2540.0,15.0,0.3939393939393939,0.234
668716,FC,153,88.3,5.2,-2.0,2423.0,13.0,0.26785714285714285,0.226
668716,FF,4,95.6,7.2,8.1,2278.0,,1.0,0.006
656786,FC,219,88.6,8.1,5.6,2542.0,9.0,0.21621621621621623,0.272
656786,FF,200,92.2,13.2,-2.5,2384.0,7.0,0.2608695652173913,0.249
656786,CU,195,80.8,-12.0,9.1,2674.0,4.0,0.45588235294117646,0.243
656786,ST,162,80.2,0.2,15.0,2624.0,24.0,0.3611111111111111,0.201
656786,SI,28,91.7,10.7,-11.9,2396.0,-16.0,0.18181818181818182,0.035
680897,FF,731,93.3,17.8,3.8,2343.0,21.0,0.19718309859154928,0.472
680897,SL,443,84.5,2.3,-2.3,2212.0,24.0,0.4602510460251046,0.286
680897,CU,191,78.6,-9.3,-2.5,2334.0,5.0,0.390625,0.123
680897,CH,181,84.9,10.0,13.2,1900.0,6.0,0.4935064935064935,0.117
680897,,4,,,,,,nan,0.003
656793,FF,353,94.2,15.3,5.3,1908.0,24.0,0.20496894409937888,0.368
656793,CH,190,88.0,7.0,16.1,2007.0,15.0,0.35714285714285715,0.198
656793,SL,172,86.4,0.4,-3.1,2274.0,7.0,0.4125,0.18
656793,SI,134,94.1,12.0,14.0,1929.0,4.0,0.2,0.14
656793,KN,63,79.7,3.0,0.3,477.0,12.0,0.29411764705882354,0.066
656793,CU,44,79.5,-8.5,-10.6,2418.0,11.0,0.4117647058823529,0.046
656793,,2,,,,,,nan,0.002
680951,FF,587,91.2,15.6,-8.9,1937.0,20.0,0.2111111111111111,0.506
680951,SL,317,86.2,2.9,6.6,2296.0,10.0,0.36065573770491804,0.273
680951,CU,139,78.3,-10.6,11.8,2680.0,8.0,0.25,0.12
680951,CH,114,83.3,8.2,-14.7,1928.0,2.0,0.5172413793103449,0.098
680951,SI,3,92.7,13.0,-14.6,2159.0,,0.0,0.003
690939,FC,267,89.8,9.5,0.1,2163.0,13.0,0.18699186991869918,0.323
690939,SL,237,81.9,0.4,-12.1,2195.0,16.0,0.33035714285714285,0.287
690939,CU,158,79.7,-5.0,-6.8,2153.0,11.0,0.2988505747126437,0.191
690939,CH,94,85.0,6.3,10.9,1372.0,-15.0,0.4583333333333333,0.114
690939,SI,48,89.7,6.4,10.6,2051.0,9.0,0.2,0.058
690939,FF,22,89.4,9.2,8.1,2075.0,12.0,0.125,0.027
672552,FF,639,92.1,13.2,-9.8,2225.0,17.0,0.176056338028169,0.471
672552,SL,305,83.2,0.0,1.8,2360.0,17.0,0.30434782608695654,0.225
672552,CH,202,84.4,6.6,-11.4,1500.0,7.0,0.425531914893617,0.149
672552,CU,184,76.1,-11.0,7.8,2384.0,9.0,0.30303030303030304,0.136
672552,SI,26,92.6,13.1,-15.5,2228.0,32.0,0.18181818181818182,0.019
672552,FA,1,66.6,8.0,-7.8,1183.0,,nan,0.001
670124,FF,510,94.2,15.8,12.4,2202.0,19.0,0.21825396825396826,0.55
670124,SV,253,84.8,-4.4,-10.7,2259.0,7.0,0.37755102040816324,0.273
670124,CU,134,81.9,-11.9,-4.9,2209.0,-16.0,0.36,0.144
670124,CH,29,87.4,5.8,10.5,1377.0,-10.0,0.3,0.031
670124,FC,2,90.3,13.9,1.3,2210.0,,nan,0.002
679358,CH,568,83.5,-0.1,12.4,1489.0,1.0,0.48507462686567165,0.544
679358,SL,270,86.4,2.2,-5.2,2583.0,9.0,0.21875,0.259
679358,FF,200,93.8,17.9,8.6,2196.0,24.0,0.23863636363636365,0.192
679358,ST,3,79.8,-0.9,-17.4,2746.0,,nan,0.003
679358,,2,,,,,,nan,0.002
679358,SI,1,90.7,10.7,13.9,1986.0,,nan,0.001
671305,FF,304,98.4,14.7,10.3,2361.0,14.0,0.2898550724637681,0.419
671305,SL,230,84.7,-1.6,-2.7,2032.0,12.0,0.5384615384615384,0.317
671305,SI,186,97.7,10.1,15.0,2195.0,3.0,0.13924050632911392,0.257
671305,,5,,,,,,nan,0.007
694037,FF,424,99.1,16.0,10.6,2293.0,13.0,0.38095238095238093,0.557
694037,SL,206,90.2,3.8,-2.6,2078.0,21.0,0.5,0.271
694037,FS,66,87.3,3.4,4.4,916.0,26.0,0.4375,0.087
694037,SI,41,98.4,13.1,15.1,2195.0,8.0,0.1875,0.054
694037,CH,18,91.9,6.4,13.4,1510.0,-15.0,0.25,0.024
694037,CU,6,85.0,1.2,2.3,2192.0,,0.0,0.008
687223,FF,348,90.5,12.3,-8.8,2137.0,20.0,0.11042944785276074,0.534
687223,FC,130,80.4,2.7,4.2,1974.0,35.0,0.46153846153846156,0.199
687223,ST,93,73.1,0.3,10.9,1931.0,23.0,0.42857142857142855,0.143
687223,CH,65,81.0,5.1,-12.8,1714.0,-10.0,0.4,0.1
687223,SI,16,90.5,13.9,-13.2,2214.0,16.0,0.16666666666666666,0.025
623381,FC,1130,87.0,9.7,3.0,2415.0,10.0,0.20247295208655333,0.457
623381,CU,525,72.9,-8.7,13.1,2485.0,15.0,0.33658536585365856,0.212
623381,FF,359,88.6,14.3,-6.0,2274.0,16.0,0.21468926553672316,0.145
623381,CH,290,84.9,7.7,-15.3,1844.0,5.0,0.1794871794871795,0.117
623381,SL,166,80.6,10.3,10.8,2362.0,33.0,0.27710843373493976,0.067
623381,,4,,,,,,nan,0.002
663982,SI,461,86.8,6.9,-14.5,1860.0,9.0,0.1674641148325359,0.409
663982,CH,231,81.1,7.6,-12.6,1545.0,9.0,0.29357798165137616,0.205
663982,SL,154,83.1,5.8,1.8,2071.0,19.0,0.19718309859154928,0.137
663982,CU,133,76.1,-14.6,11.4,2150.0,8.0,0.25,0.118
663982,FF,102,88.5,12.6,-5.4,1984.0,16.0,0.14035087719298245,0.09
663982,ST,46,74.0,0.9,17.1,2343.0,27.0,0.4375,0.041
663982,,1,,,,,,nan,0.001
694477,FC,828,87.0,11.8,-3.8,2404.0,28.0,0.3156779661016949,0.381
694477,FF,618,93.1,16.0,5.7,2356.0,22.0,0.31446540880503143,0.285
694477,CH,287,88.1,4.3,11.3,2122.0,3.0,0.2127659574468085,0.132
694477,SI,248,92.3,10.0,13.9,2157.0,-3.0,0.1320754716981132,0.114
694477,SL,189,84.9,1.3,-6.2,2487.0,18.0,0.40963855421686746,0.087
694477,FA,1,80.0,7.3,15.8,1564.0,,0.0,0.0
694477,,1,,,,,,nan,0.0
679156,SL,493,83.0,-0.6,2.3,2305.0,5.0,0.47794117647058826,0.496
679156,FC,257,88.2,8.1,1.2,2311.0,7.0,0.18867924528301888,0.259
679156,SI,209,91.2,9.9,-13.0,2249.0,-2.0,0.12941176470588237,0.21
679156,FF,23,90.5,9.0,-4.5,2256.0,19.0,0.2727272727272727,0.023
679156,CH,11,84.2,7.7,-5.9,1847.0,-3.0,0.4,0.011
671111,FF,306,88.6,7.8,-14.7,2134.0,12.0,0.208955223880597,0.383
671111,ST,218,78.0,3.6,13.9,2439.0,15.0,0.46534653465346537,0.273
671111,CH,216,81.3,-1.2,-17.1,1885.0,-2.0,0.16666666666666666,0.271
671111,SL,50,78.3,6.6,6.5,2352.0,10.0,0.3125,0.063
671111,,8,,,,,,nan,0.01
660906,SL,325,83.2,0.7,3.9,2436.0,12.0,0.4251497005988024,0.474
660906,FF,166,92.2,15.4,-7.2,2115.0,19.0,0.24324324324324326,0.242
660906,CH,91,86.1,10.9,-11.8,1687.0,13.0,0.4166666666666667,0.133
660906,SI,72,92.1,12.8,-13.1,2072.0,2.0,0.11538461538461539,0.105
660906,CU,26,76.0,-8.4,5.8,2504.0,14.0,0.2,0.038
660906,,5,,,,,,0.0,0.007
683175,FF,806,96.6,16.3,7.1,2418.0,13.0,0.16449086161879894,0.514
683175,ST,588,84.9,2.7,-12.4,2367.0,24.0,0.31196581196581197,0.375
683175,CU,126,84.8,-8.8,-2.7,2178.0,9.0,0.27450980392156865,0.08
683175,CH,45,90.2,7.9,15.3,1866.0,11.0,0.11764705882352941,0.029
683175,,2,,,,,,nan,0.001
663969,SI,725,93.1,6.1,13.9,2028.0,5.0,0.09090909090909091,0.393
663969,ST,415,82.3,1.5,-10.2,2333.0,21.0,0.3581081081081081,0.225
663969,CH,261,86.3,3.3,9.3,1264.0,7.0,0.32592592592592595,0.141
663969,CU,259,81.4,-12.3,-7.7,2476.0,1.0,0.40298507462686567,0.14
663969,FF,185,92.1,10.6,3.2,2269.0,14.0,0.1553398058252427,0.1
663969,,1,,,,,,nan,0.001
663455,FF,660,92.7,13.8,-8.7,2188.0,13.0,0.22647058823529412,0.44
663455,SL,275,84.6,2.8,1.1,2375.0,13.0,0.4094488188976378,0.183
663455,CU,226,78.9,-8.7,6.7,2398.0,5.0,0.40860215053763443,0.151
663455,CH,175,83.6,5.5,-12.5,1727.0,-2.0,0.43373493975903615,0.117
663455,SI,162,91.1,10.9,-15.1,2096.0,9.0,0.16923076923076924,0.108
663455,,1,,,,,,nan,0.001
666207,SL,552,87.4,0.5,-10.0,2430.0,15.0,0.38164251207729466,0.702
666207,FF,132,95.1,8.4,4.4,2242.0,0.0,0.44680851063829785,0.168
666207,SI,102,94.6,2.7,10.4,2074.0,-7.0,0.2413793103448276,0.13
620982,SI,407,92.2,8.9,16.2,1972.0,4.0,0.13,0.401
620982,FS,233,83.3,6.2,12.2,1378.0,15.0,0.3069306930693069,0.23
620982,SL,206,84.4,3.8,-0.8,2094.0,8.0,0.34951456310679613,0.203
620982,FF,134,92.8,14.2,9.6,2033.0,7.0,0.10714285714285714,0.132
620982,ST,33,80.6,-3.1,-5.6,2162.0,13.0,0.11764705882352941,0.033
620982,CU,1,75.5,-14.2,16.2,2226.0,,nan,0.001
674681,FF,546,89.3,15.9,-8.3,2414.0,22.0,0.24825174825174826,0.452
674681,SL,289,76.4,-0.4,15.9,2410.0,17.0,0.3709677419354839,0.239
674681,FC,229,85.6,8.7,2.5,2495.0,16.0,0.20863309352517986,0.189
674681,CH,139,83.7,5.8,-14.4,1739.0,13.0,0.24242424242424243,0.115
674681,SI,4,87.7,12.0,-14.9,2231.0,,nan,0.003
674681,,2,,,,,,0.0,0.002
668676,FF,735,90.5,16.9,6.0,2061.0,21.0,0.0821917808219178,0.48
668676,SL,460,83.9,7.4,-0.9,1969.0,13.0,0.33707865168539325,0.3
668676,CH,192,84.2,12.0,8.6,1622.0,19.0,0.22522522522522523,0.125
668676,CU,143,76.6,-9.5,-3.2,2115.0,33.0,0.3,0.093
668676,,2,,,,,,nan,0.001
592644,FF,228,88.5,17.2,5.0,2189.0,29.0,0.1953125,0.237
592644,FC,225,85.9,10.5,-1.6,2261.0,21.0,0.2713178294573643,0.233
592644,CH,200,83.2,7.6,10.4,1792.0,10.0,0.26666666666666666,0.207
592644,SL,178,77.7,3.4,-9.8,2531.0,32.0,0.25675675675675674,0.185
592644,CU,132,73.5,-8.9,-12.1,2682.0,28.0,0.2978723404255319,0.137
592644,,1,,,,,,nan,0.001
684384,FF,325,91.2,15.0,6.5,1995.0,18.0,0.15976331360946747,0.509
684384,SL,253,80.5,0.7,-2.9,2275.0,21.0,0.29357798165137616,0.397
684384,SI,55,91.0,11.7,13.3,1879.0,19.0,0.19444444444444445,0.086
684384,CH,3,86.5,7.7,13.6,1895.0,,1.0,0.005
684384,,2,,,,,,nan,0.003
687166,FF,560,94.8,16.1,2.5,2308.0,12.0,0.2527881040892193,0.516
687166,FC,193,87.9,4.2,-2.4,2558.0,16.0,0.4666666666666667,0.178
687166,SL,181,85.8,1.2,-2.1,2573.0,8.0,0.3258426966292135,0.167
687166,CU,93,81.6,-11.3,-1.7,2552.0,5.0,0.2647058823529412,0.086
687166,SI,56,93.1,9.5,11.1,2315.0,-1.0,0.3225806451612903,0.052
687166,,3,,,,,,nan,0.003
547001,FF,229,93.2,15.6,4.9,2373.0,23.0,0.3008130081300813,0.308
547001,SI,197,92.4,8.3,13.0,2245.0,7.0,0.1827956989247312,0.265
547001,CH,137,86.8,3.7,12.6,2053.0,-1.0,0.2878787878787879,0.184
547001,ST,96,81.6,1.2,-15.0,2658.0,14.0,0.2894736842105263,0.129
547001,CU,75,78.5,-8.8,-13.6,2794.0,9.0,0.2692307692307692,0.101
547001,,5,,,,,,nan,0.007
547001,SL,4,85.2,-4.0,-7.1,2730.0,,nan,0.005
700249,FF,517,92.0,17.1,-9.0,2285.0,23.0,0.31797235023041476,0.408
700249,CH,206,85.3,10.6,-13.7,1818.0,6.0,0.1686746987951807,0.163
700249,FC,180,88.4,11.7,2.3,2488.0,15.0,0.3020833333333333,0.142
700249,ST,158,81.9,3.1,9.6,2307.0,29.0,0.2692307692307692,0.125
700249,CU,140,76.0,-13.7,10.3,2344.0,2.0,0.3018867924528302,0.111
700249,SI,64,91.3,10.7,-14.4,2106.0,-6.0,0.08333333333333333,0.051
700249,,1,,,,,,nan,0.001
682990,SI,412,93.2,5.2,14.8,2014.0,-1.0,0.20408163265306123,0.36
682990,SL,298,87.0,1.9,-4.4,2452.0,10.0,0.44171779141104295,0.26
682990,CH,174,88.3,1.5,14.1,1466.0,-4.0,0.38461538461538464,0.152
682990,CU,126,80.7,-9.7,-6.0,2657.0,17.0,0.45614035087719296,0.11
682990,FF,126,92.8,13.5,4.8,2247.0,16.0,0.22580645161290322,0.11
682990,FC,9,93.6,11.3,0.9,2340.0,,0.0,0.008
687879,FC,602,89.7,14.3,-3.0,2368.0,21.0,0.2070063694267516,0.445
687879,FF,328,92.1,18.0,1.9,2410.0,21.0,0.273972602739726,0.242
687879,FS,324,80.8,7.4,3.8,702.0,15.0,0.4768211920529801,0.239
687879,SL,65,81.0,0.7,-5.7,1689.0,35.0,0.32,0.048
687879,CU,26,75.5,-15.9,-9.6,2523.0,18.0,0.6,0.019
687879,,8,,,,,,nan,0.006
685068,FF,538,93.5,16.5,4.6,2169.0,27.0,0.298932384341637,0.554
685068,CU,274,80.9,-12.3,-6.9,2523.0,9.0,0.27350427350427353,0.282
685068,FS,159,86.7,4.9,5.3,1113.0,22.0,0.2727272727272727,0.164
642629,FF,381,93.9,17.5,1.4,2288.0,21.0,0.28804347826086957,0.506
642629,FS,295,84.2,1.0,4.7,535.0,-1.0,0.46808510638297873,0.392
642629,SL,71,77.3,-12.1,-9.6,2386.0,-2.0,0.4666666666666667,0.094
642629,,3,,,,,,nan,0.004
642629,CH,2,83.1,-0.8,7.2,481.0,,0.0,0.003
642629,CU,1,81.8,-6.0,2.9,760.0,,0.0,0.001
541640,FC,376,89.6,12.8,0.1,2265.0,15.0,0.23618090452261306,0.472
541640,SI,251,91.0,7.8,15.2,2115.0,2.0,0.19047619047619047,0.315
541640,CU,74,81.6,-0.2,-3.8,2319.0,30.0,0.525,0.093
541640,CH,63,83.6,5.9,13.3,1574.0,-24.0,0.5862068965517241,0.079
541640,FF,29,90.9,14.2,7.2,2168.0,13.0,0.46153846153846156,0.036
541640,,4,,,,,,nan,0.005
675919,SI,367,90.3,6.4,-12.9,2088.0,-8.0,0.12142857142857143,0.336
675919,FC,319,85.2,2.2,3.5,2218.0,15.0,0.2484472049689441,0.292
675919,SL,315,83.2,0.9,13.4,2300.0,15.0,0.30434782608695654,0.289
675919,CU,44,78.0,-9.3,10.2,2356.0,10.0,0.09523809523809523,0.04
675919,FF,42,89.8,8.7,-6.9,2086.0,26.0,0.045454545454545456,0.038
675919,,4,,,,,,nan,0.004
682489,SI,481,94.3,8.0,12.6,1963.0,0.0,0.1952662721893491,0.447
682489,SL,280,87.1,-0.5,-3.8,2205.0,12.0,0.2323943661971831,0.26
682489,FF,179,94.3,12.5,1.8,2047.0,7.0,0.1518987341772152,0.166
682489,CU,115,81.0,-14.9,-4.1,2298.0,-4.0,0.45652173913043476,0.107
682489,ST,17,82.9,1.8,-11.4,2238.0,10.0,0.3,0.016
682489,CH,4,86.8,3.6,12.4,1577.0,-29.0,0.0,0.004
682489,,1,,,,,,nan,0.001
622103,FF,540,95.5,15.0,10.5,2404.0,32.0,0.33695652173913043,0.659
622103,SL,231,83.6,0.5,-6.7,2210.0,17.0,0.3163265306122449,0.282
622103,SI,42,94.0,9.7,14.7,2314.0,26.0,0.0,0.051
622103,FC,5,87.1,6.8,1.7,2183.0,37.0,0.0,0.006
622103,,2,,,,,,nan,0.002
642530,SI,421,93.2,5.4,16.8,2172.0,5.0,0.12021857923497267,0.513
642530,CH,192,87.4,2.3,16.3,2141.0,1.0,0.35051546391752575,0.234
642530,SL,139,83.0,-1.1,-6.4,2683.0,7.0,0.2545454545454545,0.169
642530,CU,38,81.2,-4.5,-8.8,2714.0,-0.0,0.23529411764705882,0.046
642530,FF,31,93.1,13.4,8.6,2223.0,31.0,0.13333333333333333,0.038
669308,FF,523,95.3,16.0,7.8,2345.0,13.0,0.29770992366412213,0.536
669308,SL,321,87.6,0.7,-4.9,2380.0,1.0,0.36,0.329
669308,CU,53,78.4,-8.2,-7.7,2316.0,22.0,0.25,0.054
669308,ST,40,81.2,0.1,-14.8,2425.0,30.0,0.3125,0.041
669308,CH,37,87.9,8.8,11.1,1583.0,4.0,0.3076923076923077,0.038
669308,,1,,,,,,nan,0.001
687377,FF,338,95.1,18.1,5.8,2581.0,30.0,0.30687830687830686,0.484
687377,SL,184,84.6,1.1,-3.7,2248.0,20.0,0.2972972972972973,0.264
687377,CH,168,84.0,12.5,6.5,1855.0,17.0,0.5,0.241
687377,SI,6,93.9,15.0,13.4,2455.0,31.0,0.0,0.009
687377,,2,,,,,,nan,0.003
680689,FF,506,95.1,14.6,9.4,2283.0,26.0,0.24444444444444444,0.293
680689,CH,406,85.2,3.6,14.6,1642.0,6.0,0.23118279569892472,0.235
680689,SL,358,83.1,0.5,-1.4,2491.0,6.0,0.3691275167785235,0.207
680689,SI,300,93.3,6.7,16.1,2137.0,-2.0,0.1292517006802721,0.174
680689,CU,157,79.6,-7.3,-3.1,2498.0,18.0,0.35,0.091
680689,FA,1,71.7,3.2,-1.8,2003.0,,nan,0.001
680689,,1,,,,,,nan,0.001
685005,SL,310,87.5,-1.2,-6.4,2113.0,5.0,0.41379310344827586,0.339
685005,SI,302,94.9,11.9,12.9,2039.0,6.0,0.13636363636363635,0.33
685005,FF,146,94.6,15.6,5.9,2079.0,14.0,0.17647058823529413,0.16
685005,CH,134,85.5,8.7,14.6,1833.0,14.0,0.28125,0.146
685005,ST,21,87.4,-5.0,-12.1,2130.0,21.0,0.5,0.023
685005,FA,1,64.8,2.0,-0.8,1368.0,,nan,0.001
685005,CU,1,82.1,-11.9,-11.6,2259.0,,nan,0.001
691828,FF,376,91.2,15.5,3.7,2457.0,24.0,0.14772727272727273,0.28
691828,FC,366,87.9,6.0,-0.1,2386.0,11.0,0.21666666666666667,0.273
691828,ST,360,83.1,-2.9,-13.0,2749.0,13.0,0.37037037037037035,0.268
691828,CH,238,87.4,6.2,11.3,2071.0,0.0,0.4132231404958678,0.177
691828,,1,,,,,,nan,0.001
691828,SL,1,86.0,3.6,-2.2,2479.0,,1.0,0.001
642016,ST,317,83.4,3.3,-15.0,2683.0,20.0,0.3782051282051282,0.498
642016,FF,207,95.5,14.9,5.6,2503.0,16.0,0.2571428571428571,0.325
642016,SI,58,94.8,8.2,13.8,2333.0,-1.0,0.1,0.091
642016,SL,29,88.1,3.6,-3.9,2556.0,24.0,0.10526315789473684,0.046
642016,FC,26,91.8,8.7,-0.1,2539.0,40.0,0.38461538461538464,0.041
687798,FF,350,94.6,15.6,8.4,2111.0,14.0,0.17197452229299362,0.496
687798,SL,143,87.3,5.1,-4.3,2415.0,8.0,0.3888888888888889,0.203
687798,CH,137,87.7,4.6,14.2,1698.0,3.0,0.35443037974683544,0.194
687798,ST,69,82.9,2.9,-13.2,2593.0,1.0,0.45454545454545453,0.098
687798,,4,,,,,,nan,0.006
687798,FC,2,88.9,4.6,-5.2,2453.0,,nan,0.003
697812,FF,669,92.0,13.0,-12.9,2238.0,24.0,0.31607629427792916,0.313
697812,SI,560,91.6,6.8,-17.7,2281.0,3.0,0.1827956989247312,0.262
697812,SL,556,84.2,1.2,0.8,2343.0,7.0,0.28125,0.26
697812,CH,352,85.4,4.0,-16.8,2005.0,5.0,0.26519337016574585,0.165
697812,,2,,,,,,nan,0.001
692230,FF,589,92.5,15.1,7.7,2165.0,27.0,0.29044117647058826,0.274
692230,CH,439,85.1,5.0,15.0,1708.0,13.0,0.32857142857142857,0.204
692230,FC,382,87.9,7.6,-1.8,2161.0,18.0,0.26373626373626374,0.178
692230,CU,270,75.8,-6.9,-9.6,2301.0,24.0,0.35051546391752575,0.126
692230,SI,251,92.8,10.1,15.3,2077.0,8.0,0.16030534351145037,0.117
692230,SL,215,81.1,3.3,-8.6,2240.0,23.0,0.32989690721649484,0.1
692230,,1,,,,,,nan,0.0
669735,SI,293,94.4,5.6,13.8,1868.0,3.0,0.1693548387096774,0.459
669735,CU,121,84.9,-5.4,-7.3,2213.0,32.0,0.43478260869565216,0.189
669735,SL,115,88.5,2.8,-3.5,2174.0,5.0,0.3333333333333333,0.18
669735,FF,64,95.0,11.3,7.5,2053.0,34.0,0.1724137931034483,0.1
669735,CH,43,88.8,-0.1,11.7,1408.0,3.0,0.3333333333333333,0.067
669735,,3,,,,,,nan,0.005
642028,FF,453,89.4,13.5,-7.9,2157.0,18.0,0.12295081967213115,0.346
642028,ST,336,77.9,-1.0,13.6,2251.0,19.0,0.2585034013605442,0.257
642028,CH,180,82.3,5.7,-10.0,1620.0,11.0,0.13793103448275862,0.138
642028,FC,139,85.9,8.3,-0.2,2276.0,18.0,0.19696969696969696,0.106
642028,SI,107,88.4,9.1,-12.4,2162.0,17.0,0.07407407407407407,0.082
642028,SL,92,81.6,1.9,4.7,2280.0,23.0,0.19607843137254902,0.07
642028,,1,,,,,,nan,0.001
676720,FF,674,90.7,18.9,3.0,2013.0,19.0,0.24916943521594684,0.55
676720,FS,304,82.4,7.1,8.0,1211.0,9.0,0.30246913580246915,0.248
676720,SL,126,81.8,-0.3,-6.1,2187.0,18.0,0.2777777777777778,0.103
676720,CU,121,79.1,-5.0,-4.6,2238.0,22.0,0.3090909090909091,0.099
676720,,1,,,,,,nan,0.001
680701,SI,586,92.4,4.0,-13.1,2260.0,-4.0,0.16666666666666666,0.566
680701,SL,371,81.2,-0.2,14.6,2448.0,11.0,0.4716981132075472,0.358
680701,FC,61,90.1,6.5,-0.3,2199.0,15.0,0.2727272727272727,0.059
680701,CH,10,86.3,2.6,-11.5,1571.0,23.0,0.16666666666666666,0.01
680701,,7,,,,,,nan,0.007
670046,FF,887,89.9,16.3,-9.1,2184.0,20.0,0.1407766990291262,0.504
670046,CH,450,80.3,9.4,-9.1,1574.0,7.0,0.4036363636363636,0.256
670046,FC,323,83.6,1.9,2.5,2340.0,16.0,0.2692307692307692,0.184
670046,CU,97,77.9,-11.0,2.4,2572.0,-9.0,0.16666666666666666,0.055
670046,,1,,,,,,nan,0.001
670046,FA,2,68.3,10.4,-6.0,1253.0,24.0,0.0,0.001
688297,SI,428,95.8,2.7,18.8,2157.0,-9.0,0.164021164021164,0.563
688297,FF,207,94.8,9.3,5.1,2201.0,11.0,0.3627450980392157,0.272
688297,SL,117,83.9,3.6,-10.7,2236.0,22.0,0.3076923076923077,0.154
688297,,8,,,,,,nan,0.011
702065,FC,282,85.1,8.1,1.3,2350.0,19.0,0.16233766233766234,0.331
702065,CU,162,75.0,-9.3,11.2,2560.0,17.0,0.3698630136986301,0.19
702065,SL,141,77.2,2.2,13.6,2461.0,23.0,0.3424657534246575,0.165
702065,CH,123,81.3,3.3,-15.6,1995.0,-3.0,0.3269230769230769,0.144
702065,FF,94,88.1,12.8,-8.5,2225.0,19.0,0.19607843137254902,0.11
702065,SI,50,87.6,3.7,-16.4,2173.0,2.0,0.35294117647058826,0.059
702065,,1,,,,,,nan,0.001
671131,FF,620,94.9,16.2,9.2,2372.0,24.0,0.2823920265780731,0.275
671131,SI,540,94.4,9.8,16.9,2267.0,2.0,0.16796875,0.24
671131,FC,386,88.7,7.8,-1.9,2201.0,20.0,0.28205128205128205,0.171
671131,SL,280,84.6,0.8,-1.6,1987.0,12.0,0.32786885245901637,0.124
671131,FS,191,84.4,3.7,9.4,1127.0,15.0,0.3333333333333333,0.085
671131,CU,183,78.7,-6.9,-4.7,1848.0,9.0,0.4107142857142857,0.081
671131,CH,49,88.2,6.2,16.3,1916.0,14.0,0.23809523809523808,0.022
671131,,2,,,,,,nan,0.001
656924,SL,300,83.8,1.8,-3.2,2293.0,13.0,0.391025641025641,0.45
656924,SI,257,94.1,4.6,17.9,2304.0,2.0,0.12056737588652482,0.385
656924,FF,89,94.3,12.1,14.1,2376.0,28.0,0.2127659574468085,0.133
656924,CH,18,89.1,2.9,14.8,1626.0,,0.6666666666666666,0.027
656924,,3,,,,,,nan,0.004
681870,FF,395,93.3,20.9,-6.9,2617.0,19.0,0.33519553072625696,0.554
681870,CU,165,78.8,-13.6,6.0,2595.0,17.0,0.26785714285714285,0.231
681870,SL,153,86.7,6.8,3.5,2483.0,4.0,0.4090909090909091,0.215
592712,SI,452,95.3,7.5,16.5,2139.0,-3.0,0.1744186046511628,0.375
592712,FC,309,89.4,6.2,-1.2,2315.0,14.0,0.2159090909090909,0.257
592712,FF,290,95.7,14.4,10.7,2247.0,17.0,0.23134328358208955,0.241
592712,CU,137,78.2,-11.7,-15.8,2729.0,9.0,0.2647058823529412,0.114
592712,,10,,,,,,nan,0.008
592712,SL,6,86.9,5.8,-4.2,2312.0,,0.5,0.005
674285,SI,345,94.2,4.7,16.8,1998.0,2.0,0.1165644171779141,0.431
674285,SL,307,87.5,-0.1,-2.3,2036.0,5.0,0.35374149659863946,0.383
674285,FF,102,94.6,11.5,12.2,2123.0,25.0,0.1282051282051282,0.127
674285,CH,32,88.7,6.6,14.0,1883.0,5.0,0.16666666666666666,0.04
674285,CU,14,81.7,-5.7,-6.1,1765.0,38.0,0.3333333333333333,0.017
674285,,1,,,,,,nan,0.001
676614,FF,782,91.0,15.8,-8.8,2085.0,22.0,0.22777777777777777,0.437
676614,FC,356,86.5,7.6,1.1,2107.0,15.0,0.17553191489361702,0.199
676614,ST,265,80.1,3.3,11.6,2357.0,23.0,0.375,0.148
676614,CU,207,76.0,-9.3,7.3,2234.0,11.0,0.32857142857142857,0.116
676614,CH,180,80.9,1.9,-7.5,1085.0,15.0,0.2755102040816326,0.101
676614,,1,,,,,,nan,0.001
592716,SI,902,90.4,10.1,13.8,2010.0,9.0,0.12526997840172785,0.389
592716,FF,493,91.1,14.2,9.8,2115.0,22.0,0.19844357976653695,0.213
592716,CH,361,83.3,6.3,14.4,1737.0,6.0,0.46153846153846156,0.156
592716,SL,336,81.2,-2.3,-8.0,2579.0,15.0,0.21804511278195488,0.145
592716,FC,221,81.5,3.6,11.9,1647.0,6.0,0.3853211009174312,0.095
592716,,4,,,,,,nan,0.002
592717,CU,227,76.5,-6.0,-13.5,2543.0,17.0,0.35714285714285715,0.202
592717,CH,217,86.6,7.6,12.5,1815.0,5.0,0.15789473684210525,0.193
592717,FF,207,90.3,12.9,9.0,2065.0,18.0,0.14285714285714285,0.184
592717,FC,186,87.3,7.5,-1.6,2224.0,24.0,0.33707865168539325,0.166
592717,SI,177,90.2,8.5,15.2,1956.0,6.0,0.05405405405405406,0.158
592717,SL,105,81.3,6.1,-9.4,2330.0,17.0,0.325,0.094
592717,,3,,,,,,nan,0.003
678738,CH,237,85.3,1.9,-15.7,1897.0,-6.0,0.39603960396039606,0.38
678738,FF,226,93.9,13.5,-12.2,2290.0,28.0,0.33653846153846156,0.362
678738,SI,130,93.4,8.3,-16.8,2200.0,10.0,0.23809523809523808,0.208
678738,SL,31,85.3,4.0,-1.2,2317.0,39.0,0.2857142857142857,0.05
676742,FF,301,95.8,15.9,6.9,2492.0,16.0,0.2903225806451613,0.428
676742,SL,218,81.4,-3.4,-15.9,2754.0,14.0,0.5,0.31
676742,CH,72,89.2,0.6,11.7,1582.0,1.0,0.3448275862068966,0.102
676742,FC,59,87.0,6.1,-1.2,2444.0,-8.0,0.4117647058823529,0.084
676742,SI,53,94.4,5.8,14.7,2242.0,-10.0,0.15789473684210525,0.075
676742,,1,,,,,,nan,0.001
682144,FF,441,95.4,14.0,-9.4,2293.0,18.0,0.24786324786324787,0.555
682144,SL,246,82.5,-1.3,-0.3,1956.0,17.0,0.5357142857142857,0.309
682144,CH,94,88.5,7.1,-13.2,1737.0,13.0,0.3142857142857143,0.118
682144,,7,,,,,,nan,0.009
682144,SI,7,94.6,12.7,-13.7,2311.0,8.0,0.0,0.009
663574,FF,405,97.0,14.3,10.4,2273.0,18.0,0.33031674208144796,0.571
663574,SL,282,86.4,-2.7,-11.1,2292.0,13.0,0.4107142857142857,0.398
663574,CH,17,91.0,8.4,14.1,1497.0,8.0,0.42857142857142855,0.024
663574,,5,,,,,,nan,0.007
683726,FF,400,95.6,15.6,3.4,2138.0,15.0,0.2553191489361702,0.541
683726,SL,149,84.5,-4.4,-1.9,2358.0,10.0,0.4745762711864407,0.202
683726,FC,120,93.2,9.3,-3.3,2293.0,7.0,0.3333333333333333,0.162
683726,CU,60,77.8,-15.2,-5.6,2540.0,36.0,0.4166666666666667,0.081
683726,ST,10,83.5,0.7,-9.8,2379.0,,1.0,0.014
673257,FF,549,93.0,12.8,8.8,2113.0,19.0,0.2518248175182482,0.44
673257,SL,282,81.9,-1.2,-11.6,2277.0,18.0,0.27419354838709675,0.226
673257,CH,254,85.5,1.9,13.9,1715.0,8.0,0.2518518518518518,0.204
673257,SI,138,91.5,4.9,15.9,2007.0,2.0,0.13043478260869565,0.111
673257,FC,18,88.1,8.0,1.7,2271.0,28.0,0.4166666666666667,0.014
673257,,7,,,,,,nan,0.006
662165,SL,259,83.0,-1.2,-12.9,2709.0,18.0,0.40816326530612246,0.279
662165,SI,246,94.0,3.3,14.6,2298.0,-4.0,0.15789473684210525,0.265
662165,FC,189,87.1,2.5,-0.4,2600.0,21.0,0.2753623188405797,0.204
662165,CH,132,88.8,-2.1,15.5,2109.0,9.0,0.2786885245901639,0.142
662165,FF,101,94.5,13.9,8.4,2487.0,22.0,0.2553191489361702,0.109
687606,FF,667,93.0,16.4,6.5,2195.0,18.0,0.3114754098360656,0.402
687606,FC,452,89.0,11.3,-1.7,2204.0,21.0,0.24778761061946902,0.272
687606,CH,278,85.7,4.6,5.9,1712.0,9.0,0.25,0.167
687606,ST,182,79.0,6.6,-13.8,2304.0,22.0,0.22388059701492538,0.11
687606,SL,75,83.4,2.6,-5.8,2202.0,15.0,0.2727272727272727,0.045
687606,,5,,,,,,nan,0.003
687606,SI,2,93.9,15.2,14.0,2306.0,,1.0,0.001
681035,FF,317,94.1,15.3,10.3,2258.0,17.0,0.2709677419354839,0.461
681035,ST,171,82.4,5.7,-13.6,2537.0,16.0,0.35064935064935066,0.249
681035,SL,115,86.2,2.9,-3.3,2394.0,17.0,0.3088235294117647,0.167
681035,FS,85,85.4,4.1,13.4,1314.0,6.0,0.325,0.124
681882,SL,192,87.6,2.5,-4.0,2529.0,8.0,0.5048543689320388,0.283
681882,SI,168,95.3,11.8,13.6,2151.0,-2.0,0.13333333333333333,0.247
681882,KC,161,81.9,-13.1,-12.5,2654.0,4.0,0.41509433962264153,0.237
681882,FF,153,95.4,15.9,6.1,2158.0,15.0,0.23529411764705882,0.225
681882,,5,,,,,,nan,0.007
693313,SI,1323,94.4,5.3,14.7,2207.0,3.0,0.1588628762541806,0.6
693313,SL,490,86.1,-4.4,-2.5,1971.0,8.0,0.4368932038834951,0.222
693313,FC,223,87.9,-2.5,0.6,1935.0,13.0,0.39316239316239315,0.101
693313,FF,77,94.9,13.5,8.0,2271.0,25.0,0.34615384615384615,0.035
693313,CH,73,87.7,-0.6,9.2,1559.0,13.0,0.36363636363636365,0.033
693313,CU,18,82.5,-7.4,-3.1,1675.0,-1.0,0.3333333333333333,0.008
693855,FF,372,90.7,17.5,-5.8,2140.0,22.0,0.3259668508287293,0.455
693855,CH,203,81.9,9.2,-12.8,1479.0,7.0,0.45454545454545453,0.248
693855,FC,180,85.7,9.0,2.3,2040.0,23.0,0.20930232558139536,0.22
693855,ST,49,77.5,-2.6,14.0,1950.0,15.0,0.08695652173913043,0.06
693855,CU,13,70.9,-13.3,8.5,1953.0,49.0,0.3333333333333333,0.016
543766,FC,457,92.7,5.5,-3.9,2438.0,2.0,0.21238938053097345,0.669
543766,ST,147,83.6,-1.4,-10.7,2644.0,20.0,0.2857142857142857,0.215
543766,SI,38,93.0,6.3,8.9,2251.0,1.0,0.2222222222222222,0.056
543766,SL,18,87.9,1.1,-3.2,2403.0,-14.0,0.5,0.026
543766,CU,11,82.2,-11.8,-8.4,2318.0,12.0,0.3333333333333333,0.016
543766,CH,7,81.4,3.8,7.4,1790.0,,0.5,0.01
543766,,3,,,,,,nan,0.004
543766,FS,2,87.9,7.9,5.0,996.0,35.0,0.0,0.003
656954,SL,294,82.4,1.0,11.2,2406.0,9.0,0.36507936507936506,0.342
656954,FF,251,90.9,13.3,-3.7,1996.0,18.0,0.10752688172043011,0.292
656954,SI,167,90.8,9.0,-12.9,1968.0,4.0,0.11764705882352941,0.194
656954,CH,144,86.6,5.7,-10.7,1707.0,5.0,0.17647058823529413,0.168
656954,,3,,,,,,nan,0.003
663336,FF,406,90.8,15.8,1.9,2024.0,21.0,0.1956521739130435,0.514
663336,SL,267,84.0,-0.3,-3.0,2226.0,15.0,0.3023255813953488,0.338
663336,CU,56,77.5,-6.7,-2.7,2187.0,17.0,0.07407407407407407,0.071
663336,CH,54,84.9,6.6,10.7,1648.0,22.0,0.13636363636363635,0.068
663336,SI,5,89.9,11.3,11.0,1914.0,-22.0,0.0,0.006
663336,,2,,,,,,nan,0.003
663767,ST,346,80.6,0.5,-18.9,2775.0,22.0,0.4074074074074074,0.287
663767,FC,281,90.9,9.0,-2.8,2456.0,12.0,0.23846153846153847,0.233
663767,SI,276,94.6,7.9,16.2,2127.0,-5.0,0.18627450980392157,0.229
663767,FF,157,95.6,14.8,6.8,2092.0,15.0,0.25,0.13
663767,CH,136,87.9,3.0,15.4,1728.0,12.0,0.25,0.113
663767,FS,10,87.1,2.6,8.5,897.0,10.0,0.25,0.008
681895,SI,446,91.5,4.0,-15.3,2067.0,-6.0,0.20496894409937888,0.477
681895,SL,324,82.8,5.5,8.2,2245.0,29.0,0.42011834319526625,0.347
681895,FC,92,89.6,8.4,-0.6,2183.0,8.0,0.3793103448275862,0.098
681895,CU,54,79.1,-4.5,12.8,2308.0,-6.0,0.36666666666666664,0.058
681895,FF,15,92.0,8.9,-14.2,2150.0,-1.0,0.2222222222222222,0.016
681895,,2,,,,,,nan,0.002
681895,CH,2,83.4,7.3,-12.4,2038.0,13.0,0.0,0.002
700363,FF,784,95.0,17.6,7.3,2164.0,21.0,0.24870466321243523,0.532
700363,CH,360,83.5,6.5,11.1,1143.0,13.0,0.441340782122905,0.244
700363,SL,207,85.2,5.9,-2.6,2089.0,29.0,0.32989690721649484,0.141
700363,CU,92,75.6,-13.5,-10.8,2309.0,4.0,0.26666666666666666,0.062
700363,ST,30,78.9,-2.9,-13.4,2271.0,30.0,0.25,0.02
669912,SI,267,92.4,4.9,-18.3,2320.0,-9.0,0.15178571428571427,0.405
669912,SL,147,82.2,1.3,6.5,2685.0,9.0,0.3333333333333333,0.223
669912,CH,136,86.0,-1.5,-17.3,2102.0,0.0,0.23880597014925373,0.206
669912,FF,105,92.2,10.3,-14.9,2363.0,14.0,0.2222222222222222,0.159
669912,,4,,,,,,nan,0.006
656981,FF,678,92.7,16.0,6.8,2176.0,18.0,0.17507418397626112,0.516
656981,CU,332,81.9,-13.4,-2.7,2176.0,10.0,0.38181818181818183,0.253
656981,CH,144,83.4,9.0,14.5,2084.0,11.0,0.3064516129032258,0.11
656981,FC,106,89.7,6.4,-1.6,2323.0,9.0,0.3469387755102041,0.081
656981,SL,52,85.1,-9.0,-2.4,2313.0,25.0,0.5,0.04
656981,,1,,,,,,nan,0.001
666277,FF,293,94.5,11.5,8.8,2146.0,9.0,0.21481481481481482,0.48
666277,SL,202,83.8,-0.0,-9.5,2705.0,15.0,0.4090909090909091,0.331
666277,CH,116,88.9,1.6,15.7,1794.0,-0.0,0.3333333333333333,0.19
666208,FC,309,93.5,6.5,-0.1,2570.0,12.0,0.415929203539823,0.433
666208,FF,148,98.2,14.5,8.9,2371.0,2.0,0.29545454545454547,0.207
666208,SL,145,89.8,1.4,-3.5,2674.0,16.0,0.43902439024390244,0.203
666208,ST,71,85.3,2.0,-14.5,2767.0,19.0,0.38095238095238093,0.099
666208,SI,40,96.9,8.8,14.8,2352.0,-11.0,0.09090909090909091,0.056
666208,,1,,,,,,nan,0.001
686730,ST,201,81.3,3.6,-15.2,2615.0,13.0,0.40860215053763443,0.276
686730,SI,172,92.0,7.7,15.8,2137.0,0.0,0.23376623376623376,0.236
686730,FC,141,87.2,6.8,-2.0,2388.0,14.0,0.23076923076923078,0.193
686730,FF,134,92.2,16.1,6.5,2278.0,17.0,0.25333333333333335,0.184
686730,CH,81,86.1,6.9,15.3,1645.0,19.0,0.13513513513513514,0.111
668831,SI,289,91.7,9.4,13.8,1885.0,12.0,0.109375,0.214
668831,FC,288,86.6,6.4,-1.6,2252.0,18.0,0.32903225806451614,0.213
668831,FF,218,91.4,15.0,5.9,1923.0,24.0,0.1651376146788991,0.162
668831,CH,213,80.8,6.1,15.1,1558.0,19.0,0.41284403669724773,0.158
668831,SL,208,81.6,1.0,-9.5,2479.0,13.0,0.336734693877551,0.154
668831,CU,133,79.4,-8.9,-4.2,2472.0,21.0,0.3018867924528302,0.099
664054,SL,323,82.2,3.1,-6.9,2149.0,16.0,0.4318181818181818,0.518
664054,FF,291,90.7,17.8,6.3,2175.0,24.0,0.18493150684931506,0.467
664054,CH,8,85.7,10.3,10.2,1497.0,,0.3333333333333333,0.013
664054,,1,,,,,,nan,0.002
623451,SI,221,92.2,8.0,13.6,1978.0,2.0,0.22727272727272727,0.277
623451,FC,155,90.0,9.8,-2.0,2333.0,20.0,0.3625,0.194
623451,FF,137,92.3,13.6,4.7,2153.0,13.0,0.1527777777777778,0.172
623451,CU,128,75.6,-10.9,-15.2,2991.0,21.0,0.07407407407407407,0.161
623451,SL,111,86.4,2.0,-4.2,2461.0,15.0,0.3333333333333333,0.139
623451,CH,44,85.3,1.4,9.9,1711.0,21.0,0.09523809523809523,0.055
623451,,1,,,,,,nan,0.001
686993,FF,372,93.1,17.8,8.4,2289.0,21.0,0.2885572139303483,0.474
686993,FC,300,86.4,5.6,-4.3,2546.0,12.0,0.2679738562091503,0.383
686993,ST,111,79.0,-1.2,-17.2,2625.0,24.0,0.46938775510204084,0.142
686993,,1,,,,,,nan,0.001
686651,FF,513,93.3,16.3,10.2,2094.0,19.0,0.17479674796747968,0.451
686651,SL,496,84.0,9.0,-8.6,2227.0,29.0,0.22748815165876776,0.436
686651,CU,87,79.6,-9.0,-5.9,2085.0,-3.0,0.25,0.077
686651,CH,39,83.8,3.5,13.5,1580.0,-0.0,0.14285714285714285,0.034
686651,,2,,,,,,nan,0.002
573185,FF,708,89.4,15.6,5.7,2389.0,22.0,0.24641833810888253,0.502
573185,FC,296,83.2,3.9,-3.7,2591.0,16.0,0.2805755395683453,0.21
573185,CH,201,83.4,2.2,13.3,1699.0,11.0,0.2647058823529412,0.143
573185,SL,132,78.5,-1.6,-12.2,2594.0,6.0,0.2878787878787879,0.094
573185,CU,69,75.3,-12.6,-8.5,2457.0,4.0,0.36363636363636365,0.049
573185,,4,,,,,,nan,0.003
669704,FC,324,92.0,3.8,-4.1,2637.0,0.0,0.26666666666666666,0.397
669704,FF,220,95.9,15.7,2.4,2357.0,-4.0,0.4044943820224719,0.269
669704,CU,137,84.5,-11.9,-12.0,2903.0,-1.0,0.3770491803278688,0.168
669704,ST,92,86.7,1.9,-14.9,2807.0,24.0,0.28205128205128205,0.113
669704,CH,44,92.0,1.8,11.4,1624.0,-35.0,0.36363636363636365,0.054
657265,FF,294,92.7,12.8,8.6,2454.0,22.0,0.3028169014084507,0.353
657265,SL,279,82.2,4.8,-15.8,2953.0,18.0,0.24731182795698925,0.335
657265,CH,113,83.3,-1.3,16.0,1704.0,6.0,0.36231884057971014,0.136
657265,SI,98,92.5,5.9,16.6,2304.0,6.0,0.4,0.118
657265,FC,49,88.9,6.1,-0.2,2646.0,2.0,0.3333333333333333,0.059
660761,FF,377,92.4,14.9,-5.6,2300.0,22.0,0.2541436464088398,0.395
660761,CH,220,82.6,5.5,-9.7,1565.0,16.0,0.427536231884058,0.23
660761,SL,172,84.1,3.1,4.0,2590.0,12.0,0.25510204081632654,0.18
660761,SI,130,91.9,13.2,-11.5,2226.0,12.0,0.15,0.136
660761,ST,42,78.0,-2.7,8.1,2702.0,20.0,0.08333333333333333,0.044
660761,FC,14,88.0,7.6,-0.3,2484.0,-5.0,0.3333333333333333,0.015
593833,FC,878,90.2,15.1,0.2,2456.0,27.0,0.28695652173913044,0.726
593833,CH,250,83.9,6.8,11.6,1812.0,10.0,0.3103448275862069,0.207
593833,CU,80,76.2,-8.1,-10.6,2490.0,21.0,0.29411764705882354,0.066
593833,,2,,,,,,nan,0.002
676641,FF,373,90.8,15.8,11.7,2210.0,17.0,0.11475409836065574,0.329
676641,CH,296,81.9,6.3,12.4,1515.0,12.0,0.41916167664670656,0.261
676641,FC,281,85.8,8.0,-0.6,2330.0,16.0,0.2246376811594203,0.248
676641,KC,183,77.5,-7.0,-11.5,2564.0,5.0,0.2602739726027397,0.161
676641,,2,,,,,,nan,0.002
642121,FF,270,91.9,17.1,10.2,2254.0,18.0,0.24817518248175183,0.394
642121,CH,232,83.7,5.1,15.0,1580.0,-1.0,0.48760330578512395,0.338
642121,FC,137,87.8,8.4,-3.2,2266.0,13.0,0.18518518518518517,0.2
642121,SL,46,80.7,2.1,-11.0,2370.0,8.0,0.2631578947368421,0.067
642121,,1,,,,,,nan,0.001
657022,FF,222,90.2,16.6,7.1,2252.0,18.0,0.1836734693877551,0.206
657022,CU,181,75.0,-11.3,-7.1,2303.0,14.0,0.4,0.168
657022,CH,177,83.4,9.3,13.5,1757.0,14.0,0.37254901960784315,0.164
657022,SI,174,90.9,12.0,14.8,2211.0,7.0,0.09803921568627451,0.162
657022,SL,159,83.4,4.7,-2.5,2161.0,8.0,0.2857142857142857,0.148
657022,FC,147,86.5,7.5,-0.5,2222.0,18.0,0.2753623188405797,0.136
657022,ST,17,78.1,2.2,-7.6,2241.0,31.0,0.5,0.016
682967,CH,527,77.7,7.1,12.2,1840.0,23.0,0.4228187919463087,0.4
682967,FF,480,92.4,19.1,4.7,2188.0,23.0,0.35585585585585583,0.364
682967,SL,148,87.5,4.8,-5.1,2354.0,-3.0,0.3088235294117647,0.112
682967,FC,134,88.9,10.2,-2.8,2247.0,1.0,0.22807017543859648,0.102
682967,CU,16,80.6,-7.2,-0.3,2187.0,,nan,0.012
682967,,13,,,,,,nan,0.01
682967,FA,1,31.5,8.4,-6.1,840.0,,nan,0.001
685377,FF,525,95.7,15.6,6.6,2257.0,21.0,0.16494845360824742,0.397
685377,SL,213,87.1,5.0,-2.8,2396.0,0.0,0.375,0.161
685377,FS,158,87.4,4.9,11.2,1366.0,16.0,0.25,0.119
685377,SI,138,94.0,10.2,15.7,2238.0,10.0,0.10144927536231885,0.104
685377,CH,136,90.8,7.7,13.5,2053.0,15.0,0.15384615384615385,0.103
685377,CU,106,83.4,-5.6,-3.3,2327.0,3.0,0.37142857142857144,0.08
685377,ST,43,82.9,-1.3,-11.8,2430.0,,0.6666666666666666,0.033
685377,,4,,,,,,0.0,0.003
679857,FF,356,94.0,18.9,7.0,2388.0,26.0,0.20121951219512196,0.394
679857,FC,294,87.9,11.2,-5.3,2470.0,12.0,0.2846715328467153,0.325
679857,CH,192,85.3,6.4,17.6,2479.0,15.0,0.34177215189873417,0.212
679857,SL,32,84.4,3.6,-7.6,2403.0,6.0,0.25,0.035
679857,ST,29,78.9,0.7,-12.8,2411.0,2.0,0.25,0.032
679857,,1,,,,,,nan,0.001
642130,FF,363,93.1,13.9,1.7,2212.0,8.0,0.25301204819277107,0.486
642130,SL,240,84.7,-1.6,5.3,2242.0,24.0,0.26732673267326734,0.321
642130,SI,142,91.1,10.2,-8.1,1842.0,8.0,0.17142857142857143,0.19
642130,CH,2,87.0,8.0,-8.0,1420.0,,0.0,0.003
527054,SI,423,88.5,1.7,14.0,2146.0,10.0,0.14507772020725387,0.449
527054,FC,173,84.6,7.5,2.0,2301.0,19.0,0.14444444444444443,0.184
527054,CU,169,74.9,-1.1,-13.1,2652.0,17.0,0.41975308641975306,0.179
527054,CH,133,81.5,2.7,14.5,1437.0,19.0,0.2318840579710145,0.141
527054,FF,43,88.8,10.4,7.0,2313.0,18.0,0.2631578947368421,0.046
527054,FA,1,53.6,2.6,-11.0,1875.0,,nan,0.001
678906,SI,458,92.0,4.6,14.8,2290.0,2.0,0.10050251256281408,0.341
678906,FF,262,92.7,11.6,8.6,2438.0,15.0,0.232,0.195
678906,ST,262,84.6,1.2,-9.1,2703.0,25.0,0.29838709677419356,0.195
678906,CU,147,82.2,-6.2,-13.4,2556.0,14.0,0.37777777777777777,0.109
678906,SL,131,86.0,2.4,-3.1,2699.0,28.0,0.3380281690140845,0.097
678906,CH,82,87.3,3.4,15.0,1777.0,10.0,0.2,0.061
678906,,3,,,,,,nan,0.002
668869,SI,522,91.6,12.7,-11.7,2319.0,13.0,0.1782608695652174,0.62
668869,SL,245,76.9,-2.7,12.1,2699.0,20.0,0.425,0.291
668869,CH,75,83.4,6.1,-14.7,1967.0,12.0,0.28125,0.089
671162,ST,406,81.9,-3.8,12.7,2761.0,12.0,0.3382352941176471,0.285
671162,SI,373,90.0,4.0,-14.0,2307.0,-6.0,0.11731843575418995,0.262
671162,FC,301,87.1,4.2,1.2,2672.0,8.0,0.25333333333333335,0.211
671162,CH,231,83.8,1.3,-13.3,1335.0,-2.0,0.35,0.162
671162,FF,107,90.1,11.1,-7.6,2391.0,24.0,0.15789473684210525,0.075
671162,,5,,,,,,nan,0.004
671162,SL,1,83.8,1.0,3.8,2602.0,,nan,0.001
663929,FF,745,93.5,16.1,6.5,2175.0,16.0,0.162534435261708,0.406
663929,CU,365,82.1,-10.9,-2.5,2395.0,8.0,0.2483221476510067,0.199
663929,SL,315,84.4,-0.1,-1.1,2488.0,12.0,0.3873239436619718,0.172
663929,FC,197,86.5,2.3,-0.4,2519.0,12.0,0.26373626373626374,0.107
663929,CH,180,85.6,9.3,14.5,1748.0,12.0,0.23333333333333334,0.098
663929,SI,33,89.1,9.5,15.1,1932.0,6.0,0.1875,0.018
663929,,1,,,,,,nan,0.001
668868,FF,745,91.6,15.6,-6.7,1870.0,16.0,0.2696969696969697,0.436
668868,SL,415,83.5,4.0,2.3,1980.0,18.0,0.3010204081632653,0.243
668868,CU,356,73.5,-17.8,7.9,2732.0,-1.0,0.3274336283185841,0.209
668868,FO,191,82.8,5.8,-7.0,1067.0,9.0,0.17,0.112
694918,FF,528,94.8,16.8,6.5,2227.0,17.0,0.16810344827586207,0.349
694918,SL,313,86.6,2.1,-6.5,2467.0,16.0,0.31788079470198677,0.207
694918,ST,283,81.7,5.0,-13.7,2673.0,18.0,0.36428571428571427,0.187
694918,SI,154,93.7,12.4,14.6,2098.0,-1.0,0.18181818181818182,0.102
694918,FC,108,89.1,6.2,-4.9,2395.0,5.0,0.11363636363636363,0.071
694918,CH,93,82.6,6.1,10.6,1635.0,-10.0,0.3611111111111111,0.061
694918,CU,31,78.6,-7.5,-6.8,2438.0,15.0,0.2222222222222222,0.02
694918,,4,,,,,,nan,0.003
657053,SI,336,91.2,6.3,14.4,2183.0,8.0,0.22,0.322
657053,CU,278,74.9,-11.2,-13.1,2388.0,10.0,0.574468085106383,0.267
657053,FS,227,85.5,2.1,10.4,1644.0,4.0,0.3893805309734513,0.218
657053,FF,186,92.1,11.8,9.4,2187.0,16.0,0.14814814814814814,0.179
657053,SL,15,87.3,4.7,-3.9,2124.0,-3.0,0.125,0.014
668684,FF,701,87.9,15.1,-4.6,1816.0,20.0,0.096045197740113,0.448
668684,SL,482,79.3,2.7,9.2,2227.0,26.0,0.1782608695652174,0.308
668684,CH,291,80.1,6.2,-11.3,1349.0,9.0,0.19205298013245034,0.186
668684,CU,91,74.2,-4.6,3.2,2048.0,18.0,0.29411764705882354,0.058
667725,FC,753,90.7,11.1,-5.3,2235.0,12.0,0.22254335260115607,0.552
667725,CU,225,76.8,-14.3,-5.9,2430.0,11.0,0.5222222222222223,0.165
667725,SL,210,82.5,0.7,-10.0,2474.0,10.0,0.2962962962962963,0.154
667725,FF,138,91.2,12.4,6.5,2126.0,7.0,0.125,0.101
667725,CH,39,86.3,12.6,7.5,1578.0,-1.0,0.2,0.029
670955,SI,238,93.2,14.1,12.1,2380.0,31.0,0.4583333333333333,0.377
670955,FC,194,87.8,10.1,-1.2,2474.0,22.0,0.336734693877551,0.307
670955,CH,173,87.1,0.3,16.4,2170.0,14.0,0.2676056338028169,0.274
670955,CU,18,79.7,-4.8,-6.5,2507.0,11.0,0.2,0.028
670955,FF,5,92.6,15.7,7.5,2342.0,15.0,0.5,0.008
670955,ST,4,79.1,-0.4,-18.0,2496.0,34.0,0.0,0.006
621249,SI,228,93.0,10.3,13.8,2006.0,8.0,0.1,0.356
621249,FC,194,90.4,8.6,-1.7,2113.0,17.0,0.2692307692307692,0.303
621249,CU,92,82.6,4.1,-12.3,2320.0,23.0,0.4418604651162791,0.144
621249,CH,83,88.6,7.5,14.7,1799.0,8.0,0.22857142857142856,0.13
621249,FF,42,93.6,15.5,7.1,2177.0,10.0,0.13636363636363635,0.066
621249,,1,,,,,,nan,0.002
683822,FS,329,84.2,4.5,11.4,1283.0,10.0,0.23668639053254437,0.315
683822,CU,185,75.8,-14.0,-8.9,2593.0,16.0,0.20833333333333334,0.177
683822,FC,185,87.4,9.1,-0.3,2466.0,14.0,0.16,0.177
683822,FF,100,90.4,18.3,9.1,2413.0,32.0,0.30303030303030304,0.096
683822,SL,90,81.2,-0.9,-7.3,2505.0,17.0,0.2857142857142857,0.086
683822,ST,82,80.4,-4.9,-13.3,2578.0,17.0,0.21052631578947367,0.078
683822,SI,74,89.3,12.6,15.3,2261.0,8.0,0.16129032258064516,0.071
683822,,1,,,,,,nan,0.001
681808,FF,275,92.0,17.7,5.1,2113.0,24.0,0.1732283464566929,0.359
681808,CH,243,84.8,12.0,13.9,2185.0,20.0,0.3262411347517731,0.317
681808,ST,112,81.6,-1.3,-15.0,2564.0,28.0,0.28,0.146
681808,FC,106,87.9,6.5,-4.5,2445.0,7.0,0.30357142857142855,0.138
681808,CU,31,76.8,-13.1,-9.2,2541.0,15.0,0.2857142857142857,0.04
676568,FF,484,95.2,16.7,8.8,2220.0,19.0,0.25925925925925924,0.639
676568,CU,157,84.1,-10.8,-3.4,2262.0,-1.0,0.41818181818181815,0.207
676568,FC,61,92.1,10.1,0.4,2180.0,-5.0,0.16,0.081
676568,SL,46,88.7,1.2,-1.4,2051.0,2.0,0.15384615384615385,0.061
676568,,9,,,,,,nan,0.012
687003,CH,470,85.0,2.7,12.9,1536.0,7.0,0.391156462585034,0.321
687003,SI,414,91.5,7.2,14.0,1990.0,5.0,0.09950248756218906,0.283
687003,SL,190,86.2,5.5,-1.4,2025.0,16.0,0.25316455696202533,0.13
687003,CU,153,81.5,-5.5,-9.8,2094.0,11.0,0.22058823529411764,0.105
687003,FF,148,91.7,15.1,6.6,2107.0,16.0,0.24074074074074073,0.101
687003,FC,85,87.5,9.0,1.5,1925.0,11.0,0.21212121212121213,0.058
687003,,3,,,,,,nan,0.002
701121,FF,575,94.2,12.9,10.2,2269.0,19.0,0.33691756272401435,0.44
701121,ST,333,82.5,4.4,-11.0,2277.0,16.0,0.3137254901960784,0.255
701121,FC,215,86.5,2.8,-1.7,2316.0,20.0,0.25773195876288657,0.164
701121,SI,117,93.3,5.8,14.5,2150.0,3.0,0.125,0.09
701121,CH,66,87.5,2.3,14.5,1759.0,-2.0,0.20833333333333334,0.05
701121,,1,,,,,,nan,0.001
672841,SL,267,88.7,-0.5,-3.3,2368.0,10.0,0.27007299270072993,0.325
672841,FC,253,94.1,6.7,-1.1,2249.0,2.0,0.21311475409836064,0.308
672841,SI,252,97.2,5.2,13.1,2102.0,-3.0,0.14285714285714285,0.307
672841,FF,39,96.6,7.3,6.7,2106.0,10.0,0.3,0.048
672841,,5,,,,,,nan,0.006
672841,CH,4,92.2,7.7,12.0,1884.0,-18.0,0.0,0.005
672841,CU,1,82.2,-2.4,-2.2,2082.0,,0.0,0.001
681402,FF,333,95.8,16.5,11.0,2345.0,22.0,0.29012345679012347,0.497
681402,SL,257,88.7,-3.2,-2.1,2233.0,2.0,0.3235294117647059,0.384
681402,SI,40,95.5,9.9,15.6,2130.0,-2.0,0.14285714285714285,0.06
681402,CH,39,90.1,5.4,14.2,1672.0,29.0,0.35714285714285715,0.058
681402,,1,,,,,,nan,0.001
686973,FF,498,95.3,15.6,7.9,2161.0,9.0,0.2608695652173913,0.359
686973,FC,332,89.3,7.8,-2.9,2426.0,5.0,0.25766871165644173,0.239
686973,CH,241,88.8,4.0,13.6,1746.0,-1.0,0.3211009174311927,0.174
686973,KC,233,83.7,-7.8,-3.3,2386.0,10.0,0.3090909090909091,0.168
686973,SI,84,93.5,10.2,14.6,2023.0,-7.0,0.1,0.06
686973,,1,,,,,,nan,0.001
678024,SI,639,92.9,6.6,15.0,2119.0,-1.0,0.15384615384615385,0.274
678024,FC,530,86.4,6.6,-2.0,2366.0,16.0,0.2145748987854251,0.227
678024,FF,391,93.2,15.9,6.7,2301.0,18.0,0.22885572139303484,0.168
678024,ST,272,81.4,-2.3,-13.8,2586.0,16.0,0.25396825396825395,0.117
678024,CH,260,83.6,4.0,14.5,1718.0,7.0,0.2846153846153846,0.111
678024,CU,239,79.1,-14.5,-11.4,2572.0,7.0,0.2823529411764706,0.102
678024,,2,,,,,,nan,0.001
678024,SL,1,80.5,-1.0,-4.9,2345.0,15.0,0.0,0.0
607755,SL,985,78.4,-3.2,17.2,2631.0,15.0,0.2116279069767442,0.805
607755,SI,181,86.2,2.2,-15.0,2153.0,2.0,0.24615384615384617,0.148
607755,FF,37,86.2,10.4,-9.1,2171.0,18.0,0.2,0.03
607755,CU,11,75.2,2.1,16.6,2657.0,,0.3333333333333333,0.009
607755,CH,9,81.0,-10.3,-7.8,2061.0,,nan,0.007
607755,,1,,,,,,nan,0.001
681190,FF,241,94.5,13.5,6.6,2367.0,17.0,0.2421875,0.335
681190,SI,156,94.2,9.5,12.9,2344.0,3.0,0.12048192771084337,0.217
681190,FC,94,90.1,7.3,-2.2,2622.0,11.0,0.22857142857142856,0.131
681190,SL,79,82.0,-2.3,-9.0,2997.0,13.0,0.5,0.11
681190,CH,66,88.2,4.7,16.2,2074.0,5.0,0.5,0.092
681190,ST,48,81.5,-0.9,-14.4,3071.0,34.0,0.18181818181818182,0.067
681190,CU,34,82.6,-5.2,-11.0,3082.0,17.0,0.2857142857142857,0.047
681190,,1,,,,,,nan,0.001
685107,FF,771,92.8,15.1,-10.1,2234.0,14.0,0.20699708454810495,0.496
685107,CH,282,84.8,7.1,-15.1,1741.0,6.0,0.265625,0.181
685107,SL,277,84.3,1.5,4.0,2271.0,14.0,0.24822695035460993,0.178
685107,ST,225,79.1,0.5,12.0,2333.0,21.0,0.3157894736842105,0.145
663989,FC,351,88.7,7.3,1.3,2226.0,1.0,0.20512820512820512,0.439
663989,SL,237,83.4,2.5,9.3,2509.0,22.0,0.4728682170542636,0.296
663989,CU,171,79.4,-4.2,10.4,2380.0,15.0,0.2948717948717949,0.214
663989,SI,39,88.9,9.1,-8.3,2165.0,13.0,0.14285714285714285,0.049
663989,,2,,,,,,nan,0.002
670241,FF,440,89.7,18.5,7.8,2235.0,25.0,0.18396226415094338,0.366
670241,CH,361,81.0,10.9,9.8,1469.0,13.0,0.3140096618357488,0.3
670241,SL,244,81.6,3.1,-0.8,2438.0,10.0,0.328,0.203
670241,CU,113,76.7,-7.2,-5.4,2593.0,14.0,0.3333333333333333,0.094
670241,FC,37,85.0,9.1,-0.2,2408.0,24.0,0.34615384615384615,0.031
670241,SI,6,89.4,17.5,15.9,2168.0,16.0,0.0,0.005
670241,,1,,,,,,nan,0.001
694462,FF,236,94.2,13.9,4.1,2115.0,8.0,0.13592233009708737,0.348
694462,FS,229,84.6,2.7,9.0,740.0,10.0,0.49166666666666664,0.337
694462,SL,213,86.4,0.9,-3.0,2169.0,8.0,0.24719101123595505,0.314
694462,CU,1,81.4,-7.6,-3.7,2272.0,,nan,0.001
677020,FF,341,93.9,16.9,-3.5,2254.0,17.0,0.2897727272727273,0.477
677020,CU,301,82.3,3.2,6.8,2102.0,27.0,0.43283582089552236,0.421
677020,SI,72,92.1,10.1,-13.9,2154.0,-5.0,0.30303030303030304,0.101
677020,,1,,,,,,nan,0.001
680436,SI,304,87.3,8.8,-14.6,1873.0,15.0,0.2,0.453
680436,SL,233,77.2,7.6,12.0,2104.0,21.0,0.25,0.347
680436,CH,99,81.8,7.1,-18.9,2072.0,3.0,0.21052631578947367,0.148
680436,FC,35,83.7,8.1,-0.2,1993.0,32.0,0.23076923076923078,0.052
686796,FF,382,91.4,12.4,-7.7,2041.0,12.0,0.2616279069767442,0.336
686796,ST,228,81.8,0.4,7.8,2402.0,29.0,0.3511450381679389,0.201
686796,FC,193,87.3,7.8,0.1,2124.0,9.0,0.16494845360824742,0.17
686796,CH,160,85.5,1.5,-10.3,1257.0,-7.0,0.25,0.141
686796,CU,128,76.5,-9.2,6.7,2549.0,7.0,0.46,0.113
686796,SI,39,90.6,8.5,-13.2,2073.0,-2.0,0.23076923076923078,0.034
686796,,7,,,,,,nan,0.006
663658,SI,685,92.9,5.4,16.5,2152.0,1.0,0.11646586345381527,0.298
663658,FC,664,90.2,6.3,-1.4,2521.0,11.0,0.29553264604810997,0.288
663658,ST,533,81.6,-1.1,-17.6,2503.0,21.0,0.3288888888888889,0.232
663658,FF,230,92.6,12.6,10.2,2140.0,30.0,0.25,0.1
663658,CH,129,87.1,4.3,15.0,1575.0,9.0,0.20408163265306123,0.056
663658,CU,60,79.2,-10.7,-12.2,2642.0,29.0,0.36363636363636365,0.026
663658,,1,,,,,,nan,0.0
701542,SI,649,92.7,3.3,16.2,2374.0,-5.0,0.17216117216117216,0.333
701542,ST,460,82.3,1.6,-16.5,2988.0,11.0,0.4467005076142132,0.236
701542,FF,459,93.2,14.7,10.0,2488.0,20.0,0.29914529914529914,0.236
701542,CH,226,86.4,2.2,15.3,1630.0,-2.0,0.3611111111111111,0.116
701542,FC,154,87.4,5.6,-2.8,2745.0,23.0,0.2676056338028169,0.079
701542,,1,,,,,,nan,0.001
657093,FF,561,90.7,16.4,2.6,2264.0,13.0,0.17391304347826086,0.296
657093,FC,463,85.9,7.0,-5.7,2433.0,22.0,0.2490118577075099,0.245
657093,SI,333,90.0,11.4,12.0,2092.0,7.0,0.10967741935483871,0.176
657093,CU,211,74.9,-14.1,-9.4,2605.0,5.0,0.4673913043478261,0.111
657093,CH,194,84.7,7.9,12.8,1637.0,6.0,0.3069306930693069,0.102
657093,SL,123,79.4,-0.5,-12.7,2572.0,19.0,0.38,0.065
657093,FS,4,83.5,6.5,1.4,2044.0,-5.0,0.0,0.002
657093,,4,,,,,,nan,0.002
681890,FF,617,94.6,16.1,7.2,2237.0,24.0,0.1649122807017544,0.395
681890,ST,550,83.8,2.2,-13.4,2623.0,21.0,0.2843601895734597,0.352
681890,SI,129,93.3,8.9,13.1,2152.0,-10.0,0.19298245614035087,0.083
681890,FC,130,88.3,2.9,-2.6,2528.0,9.0,0.18032786885245902,0.083
681890,CH,128,86.3,5.1,12.4,1586.0,2.0,0.4117647058823529,0.082
681890,,8,,,,,,nan,0.005
687931,SI,995,93.2,14.3,-12.3,2227.0,17.0,0.22821576763485477,0.536
687931,CH,615,79.3,2.5,-14.5,2082.0,10.0,0.47863247863247865,0.331
687931,SL,154,79.6,-6.3,6.8,2614.0,16.0,0.3469387755102041,0.083
687931,FC,94,84.3,-1.8,4.5,2620.0,14.0,0.34146341463414637,0.051
669952,FF,338,95.0,15.9,3.9,2274.0,19.0,0.30601092896174864,0.37
669952,SL,170,89.5,4.9,-3.5,2334.0,16.0,0.35106382978723405,0.186
669952,SI,149,94.0,8.8,12.2,2131.0,-6.0,0.15492957746478872,0.163
669952,CU,139,79.9,-14.8,-8.1,2658.0,6.0,0.41818181818181815,0.152
669952,ST,116,84.2,-3.1,-13.1,2536.0,15.0,0.42,0.127
669952,,1,,,,,,nan,0.001
669391,FF,737,94.1,15.1,6.9,2360.0,23.0,0.18873239436619718,0.436
669391,SL,383,86.6,0.2,-3.9,2567.0,10.0,0.3185840707964602,0.227
669391,SI,190,93.6,9.2,12.4,2259.0,3.0,0.1717171717171717,0.112
669391,CU,127,79.0,-10.9,-10.7,2701.0,8.0,0.23809523809523808,0.075
669391,CH,124,88.0,4.6,12.3,1795.0,11.0,0.3125,0.073
669391,FC,80,90.5,5.6,-2.7,2451.0,13.0,0.2558139534883721,0.047
669391,ST,46,84.0,0.6,-10.9,2679.0,16.0,0.3333333333333333,0.027
669391,,2,,,,,,nan,0.001
642203,FF,525,91.8,13.7,5.8,2311.0,18.0,0.2330508474576271,0.482
642203,SL,307,81.5,3.7,-12.4,2373.0,22.0,0.2366412213740458,0.282
642203,CH,203,85.1,7.1,15.7,1887.0,14.0,0.2268041237113402,0.186
642203,FC,53,87.9,7.7,-2.5,2363.0,22.0,0.14814814814814814,0.049
642203,,2,,,,,,nan,0.002
677961,SI,278,92.9,7.0,16.3,1876.0,1.0,0.16793893129770993,0.419
677961,SL,221,84.1,-1.1,-0.7,2054.0,7.0,0.2782608695652174,0.333
677961,CH,152,87.6,3.2,14.7,1714.0,2.0,0.21666666666666667,0.229
677961,ST,12,84.0,-3.5,-11.1,2024.0,20.0,0.0,0.018
686249,CH,500,83.5,7.6,11.5,1809.0,9.0,0.39338235294117646,0.349
686249,FF,473,91.8,17.4,7.4,2385.0,16.0,0.15319148936170213,0.33
686249,FC,452,86.0,9.2,-2.3,2311.0,8.0,0.2701612903225806,0.315
686249,SL,7,78.5,-5.7,2.0,1927.0,-26.0,0.0,0.005
686249,,1,,,,,,nan,0.001
686294,FF,587,95.4,17.2,7.6,2281.0,18.0,0.20921985815602837,0.498
686294,FC,369,89.8,7.7,-1.4,2122.0,5.0,0.3613861386138614,0.313
686294,SL,152,84.3,0.6,-10.6,2124.0,9.0,0.3246753246753247,0.129
686294,CH,56,88.0,10.4,12.7,1616.0,20.0,0.30434782608695654,0.047
686294,,15,,,,,,nan,0.013
676570,FS,463,83.8,2.0,5.0,604.0,15.0,0.4334763948497854,0.556
676570,FF,221,91.6,15.8,8.3,2187.0,20.0,0.175,0.265
676570,SL,148,77.2,-10.1,-9.6,2399.0,15.0,0.24242424242424243,0.178
676570,,1,,,,,,nan,0.001
642216,CH,686,82.7,2.5,13.6,1893.0,9.0,0.3333333333333333,0.385
642216,SL,401,79.5,-1.3,-11.6,2559.0,13.0,0.29533678756476683,0.225
642216,SI,384,89.5,7.0,16.1,2178.0,5.0,0.05325443786982249,0.216
642216,FF,307,89.7,13.6,10.0,2198.0,21.0,0.12142857142857143,0.172
642216,,1,,,,,,nan,0.001
642216,CU,1,75.8,-8.6,-7.9,2021.0,,nan,0.001
680739,SL,242,85.4,0.8,-1.4,2206.0,9.0,0.38016528925619836,0.341
680739,CH,144,87.8,2.7,12.0,1339.0,-1.0,0.4583333333333333,0.203
680739,FF,132,94.7,14.7,7.5,2067.0,15.0,0.2153846153846154,0.186
680739,SI,92,94.5,9.4,15.0,1858.0,1.0,0.20689655172413793,0.13
680739,ST,74,83.5,-7.1,-9.9,2528.0,-12.0,0.48484848484848486,0.104
680739,CU,24,82.3,-8.1,-6.8,2494.0,23.0,0.2727272727272727,0.034
680739,,2,,,,,,nan,0.003
622259,FF,450,96.5,15.0,10.2,2090.0,11.0,0.2543859649122807,0.528
622259,SL,337,85.4,-0.1,-0.5,2076.0,14.0,0.5163398692810458,0.396
622259,FS,57,88.5,2.1,12.5,1255.0,10.0,0.48,0.067
622259,,8,,,,,,nan,0.009
621295,FC,214,87.8,8.0,-1.8,2340.0,24.0,0.18018018018018017,0.261
621295,SL,186,82.1,1.4,-11.6,2378.0,18.0,0.25287356321839083,0.227
621295,SI,154,91.4,9.7,16.6,2135.0,9.0,0.1643835616438356,0.188
621295,FF,144,91.6,15.6,9.2,2181.0,27.0,0.36231884057971014,0.176
621295,CH,119,84.9,1.1,13.6,1798.0,12.0,0.2545454545454545,0.145
621295,CU,2,81.1,4.4,-15.0,2914.0,,1.0,0.002
681216,SI,382,93.2,10.6,15.1,2265.0,12.0,0.12408759124087591,0.489
681216,SL,165,83.9,1.2,-0.8,2131.0,16.0,0.23076923076923078,0.211
681216,CH,87,85.6,8.5,15.8,1864.0,22.0,0.19148936170212766,0.111
681216,CU,68,81.9,-8.6,-6.1,2051.0,10.0,0.3333333333333333,0.087
681216,FF,43,92.8,14.7,9.9,2314.0,22.0,0.23529411764705882,0.055
681216,FC,36,86.1,3.3,-0.2,2233.0,-4.0,0.3157894736842105,0.046
680232,FF,450,88.9,11.0,-9.2,2087.0,18.0,0.15765765765765766,0.275
680232,SI,358,89.3,7.0,-13.9,2116.0,9.0,0.10989010989010989,0.219
680232,SL,261,77.2,5.7,9.8,2354.0,27.0,0.45161290322580644,0.16
680232,CU,211,73.8,-1.8,11.2,2326.0,25.0,0.3835616438356164,0.129
680232,CH,194,83.7,4.7,-13.4,1778.0,8.0,0.20987654320987653,0.119
680232,FC,159,83.4,6.0,3.3,2214.0,10.0,0.22784810126582278,0.097
680232,,1,,,,,,nan,0.001
664991,SL,455,85.1,1.3,3.3,2390.0,16.0,0.32589285714285715,0.481
664991,FF,308,94.6,12.1,-3.4,2293.0,11.0,0.21875,0.326
664991,CU,90,81.4,-11.0,5.8,2533.0,-7.0,0.35135135135135137,0.095
664991,SI,86,94.8,10.7,-12.0,2284.0,15.0,0.3,0.091
664991,,7,,,,,,nan,0.007
663765,SI,543,91.7,5.4,14.8,2175.0,7.0,0.16143497757847533,0.342
663765,ST,415,81.4,-2.3,-13.2,2596.0,15.0,0.3062200956937799,0.261
663765,FC,369,89.0,8.3,-0.3,2204.0,17.0,0.20430107526881722,0.232
663765,CH,139,86.1,5.9,13.5,1530.0,-6.0,0.29310344827586204,0.088
663765,FF,121,91.9,11.7,6.8,2178.0,10.0,0.1746031746031746,0.076
663765,SL,1,84.8,2.0,-3.7,2450.0,,nan,0.001
691094,SI,467,89.1,13.9,13.4,2151.0,17.0,0.12698412698412698,0.333
691094,FC,392,85.1,8.6,-1.4,2188.0,17.0,0.22162162162162163,0.28
691094,CU,200,73.7,-9.9,-8.2,2335.0,14.0,0.3448275862068966,0.143
691094,SL,170,78.8,-0.3,-8.2,2463.0,20.0,0.18681318681318682,0.121
691094,CH,153,79.5,8.6,11.2,1433.0,12.0,0.2804878048780488,0.109
691094,FF,20,88.5,15.5,6.2,2150.0,-0.0,0.25,0.014
687064,FF,622,92.5,17.8,4.5,2107.0,26.0,0.3142857142857143,0.431
687064,CH,368,85.3,9.5,13.5,1685.0,13.0,0.21875,0.255
687064,CU,202,74.7,-14.3,-11.7,2701.0,-0.0,0.31521739130434784,0.14
687064,FC,149,86.6,8.2,-3.2,2019.0,11.0,0.26153846153846155,0.103
687064,SL,88,82.7,3.4,-4.3,2024.0,28.0,0.16279069767441862,0.061
687064,ST,12,79.5,1.4,-12.2,2085.0,35.0,0.14285714285714285,0.008
687064,,2,,,,,,nan,0.001
669145,CH,290,82.8,6.1,-14.4,1848.0,18.0,0.3548387096774194,0.236
669145,SI,264,89.3,10.1,-13.2,2298.0,7.0,0.13846153846153847,0.215
669145,SL,254,84.0,3.0,-3.0,2386.0,4.0,0.3087248322147651,0.207
669145,CU,237,80.6,-9.2,6.6,2311.0,1.0,0.37755102040816324,0.193
669145,FF,181,89.2,13.9,-6.4,2347.0,14.0,0.13636363636363635,0.147
669145,,2,,,,,,nan,0.002
676604,FF,314,94.0,15.1,8.5,2293.0,20.0,0.31333333333333335,0.448
676604,ST,254,84.2,6.3,-12.8,2558.0,18.0,0.248,0.362
676604,FC,96,89.7,7.0,-4.6,2519.0,11.0,0.2391304347826087,0.137
676604,SI,17,93.5,6.1,14.5,2106.0,-13.0,0.4444444444444444,0.024
676604,CH,16,87.1,1.6,12.9,1368.0,12.0,0.125,0.023
676604,,4,,,,,,nan,0.006
691172,SI,551,96.6,4.5,16.1,2120.0,-8.0,0.14622641509433962,0.565
691172,SL,215,87.4,-1.3,-1.8,2715.0,9.0,0.5411764705882353,0.221
691172,FF,103,96.2,8.9,8.9,2092.0,-1.0,0.16,0.106
691172,ST,81,87.0,-2.8,-8.7,2725.0,17.0,0.6451612903225806,0.083
691172,CH,23,89.5,5.6,15.5,2136.0,-6.0,0.0,0.024
691172,,2,,,,,,nan,0.002
